,Benchmark,Size,Solver,Solver Version,Solver Release Year,Status,Termination Condition,Runtime (s),Memory Usage (MB),Objective Value,Max Integrality Violation,Duality Gap,Reported Runtime (s),Timeout,Hostname,Run ID,Timestamp,bench-size
0,genx-elec_trex,15-168h,highs-hipo-64,1.12.0-hipo,2025.0,TO,Timeout,36000.0,166.576,,,,36000.0,36000.0,benchmark-instance-old-l-size-highs-hipo-64-00,20251027_140932_batch,2025-10-27 14:25:41.922556,genx-elec_trex-15-168h
1,reference-benchmark,reference,highs-binary,1.10.0,,OK,Optimal,237.43122511100228,,2813303766.2,,,,,benchmark-instance-old-l-size-highs-hipo-64-00,20251027_140932_batch,2025-10-28 00:29:39.389499,reference-benchmark-reference
2,genx-elec_trex_co2,15-168h,highs-hipo-64,1.12.0-hipo,2025.0,TO,Timeout,36000.0,166.484,,,,36000.0,36000.0,benchmark-instance-old-l-size-highs-hipo-64-01,20251027_140932_batch,2025-10-27 14:25:53.689339,genx-elec_trex_co2-15-168h
3,reference-benchmark,reference,highs-binary,1.10.0,,OK,Optimal,224.48075652999975,,2813303766.2,,,,,benchmark-instance-old-l-size-highs-hipo-64-01,20251027_140932_batch,2025-10-28 00:29:38.202944,reference-benchmark-reference
4,genx-elec_trex_uc,15-24h,highs-hipo-64,1.12.0-hipo,2025.0,TO,Timeout,36000.0,165.592,,,,36000.0,36000.0,benchmark-instance-old-l-size-highs-hipo-64-02,20251027_140932_batch,2025-10-27 14:25:23.342011,genx-elec_trex_uc-15-24h
5,reference-benchmark,reference,highs-binary,1.10.0,,OK,Optimal,236.3135693830045,,2813303766.2,,,,,benchmark-instance-old-l-size-highs-hipo-64-02,20251027_140932_batch,2025-10-28 00:29:20.053310,reference-benchmark-reference
6,genx-elec_co2,15-168h,highs-hipo-64,1.12.0-hipo,2025.0,TO,Timeout,36000.0,165.564,,,,36000.0,36000.0,benchmark-instance-old-l-size-highs-hipo-64-03,20251027_140932_batch,2025-10-27 14:25:39.836606,genx-elec_co2-15-168h
7,reference-benchmark,reference,highs-binary,1.10.0,,OK,Optimal,235.268986092,,2813303766.2,,,,,benchmark-instance-old-l-size-highs-hipo-64-03,20251027_140932_batch,2025-10-28 00:29:35.144383,reference-benchmark-reference
8,tulipa-1_EU_investment_simple,28-1h,highs-hipo-64,1.12.0-hipo,2025.0,ok,Optimal,12918.977990564,21838.044,10113645948.0,,,12918.977990564,36000.0,benchmark-instance-old-l-size-highs-hipo-64-04,20251027_140932_batch,2025-10-27 14:25:42.372270,tulipa-1_EU_investment_simple-28-1h
9,reference-benchmark,reference,highs-binary,1.10.0,,OK,Optimal,254.5798426199999,,2813303766.2,,,,,benchmark-instance-old-l-size-highs-hipo-64-04,20251027_140932_batch,2025-10-27 18:05:16.629719,reference-benchmark-reference
10,temoa-US_9R_TS,9-12,highs-hipo-64,1.12.0-hipo,2025.0,ok,Optimal,4722.060926876,6417.596,38368452.637,,,4722.060926876,36000.0,benchmark-instance-old-l-size-highs-hipo-64-05,20251027_140932_batch,2025-10-27 14:25:51.916976,temoa-US_9R_TS-9-12
11,reference-benchmark,reference,highs-binary,1.10.0,,OK,Optimal,237.55104035000025,,2813303766.2,,,,,benchmark-instance-old-l-size-highs-hipo-64-05,20251027_140932_batch,2025-10-27 15:48:32.232696,reference-benchmark-reference
12,temoa-US_9R_TS_NDC,9-12,highs-hipo-64,1.12.0-hipo,2025.0,warning,Unknown,5020.940664832,6422.536,36969259.966,,,5020.940664832,36000.0,benchmark-instance-old-l-size-highs-hipo-64-06,20251027_140932_batch,2025-10-27 14:25:43.685536,temoa-US_9R_TS_NDC-9-12
13,reference-benchmark,reference,highs-binary,1.10.0,,OK,Optimal,232.5599497589992,,2813303766.2,,,,,benchmark-instance-old-l-size-highs-hipo-64-06,20251027_140932_batch,2025-10-27 15:53:17.890900,reference-benchmark-reference
14,temoa-US_9R_TS_NZ,9-12,highs-hipo-64,1.12.0-hipo,2025.0,warning,Unknown,4690.510077877,6366.548,37553963.811,,,4690.510077877,36000.0,benchmark-instance-old-l-size-highs-hipo-64-07,20251027_140932_batch,2025-10-27 14:25:27.117959,temoa-US_9R_TS_NZ-9-12
15,reference-benchmark,reference,highs-binary,1.10.0,,OK,Optimal,210.517562944,,2813303766.2,,,,,benchmark-instance-old-l-size-highs-hipo-64-07,20251027_140932_batch,2025-10-27 15:47:08.806567,reference-benchmark-reference
16,temoa-US_9R_TS_SP,9-12,highs-hipo-64,1.12.0-hipo,2025.0,warning,Unknown,4217.313823896,6365.588,36719893.579,,,4217.313823896,36000.0,benchmark-instance-old-l-size-highs-hipo-64-08,20251027_140932_batch,2025-10-27 14:25:31.136070,temoa-US_9R_TS_SP-9-12
17,reference-benchmark,reference,highs-binary,1.10.0,,OK,Optimal,220.00786582599997,,2813303766.2,,,,,benchmark-instance-old-l-size-highs-hipo-64-08,20251027_140932_batch,2025-10-27 15:39:29.191953,reference-benchmark-reference
18,TIMES-GEO-global-base,31-20ts,highs-hipo-64,1.12.0-hipo,2025.0,warning,Unknown,11700.764907209,19641.468,249712486.05,,,11700.764907209,36000.0,benchmark-instance-old-l-size-highs-hipo-64-09,20251027_140932_batch,2025-10-27 14:25:07.543180,TIMES-GEO-global-base-31-20ts
19,reference-benchmark,reference,highs-binary,1.10.0,,OK,Optimal,224.9627417289994,,2813303766.2,,,,,benchmark-instance-old-l-size-highs-hipo-64-09,20251027_140932_batch,2025-10-27 17:43:53.947696,reference-benchmark-reference
20,TIMES-GEO-global-netzero,31-20ts,highs-hipo-64,1.12.0-hipo,2025.0,warning,Unknown,4530.794877572,15798.028,1171825295400.0,,,4530.794877572,36000.0,benchmark-instance-old-l-size-highs-hipo-64-10,20251027_140932_batch,2025-10-27 14:25:31.244312,TIMES-GEO-global-netzero-31-20ts
21,reference-benchmark,reference,highs-binary,1.10.0,,OK,Optimal,241.66025612800055,,2813303766.2,,,,,benchmark-instance-old-l-size-highs-hipo-64-10,20251027_140932_batch,2025-10-27 15:45:04.410662,reference-benchmark-reference
22,times-etimeseu-europe-elec+heat-multi_stage,29-64ts,highs-hipo-64,1.12.0-hipo,2025.0,warning,Unknown,14047.718648386,21156.936,3612450.3605,,,14047.718648386,36000.0,benchmark-instance-old-l-size-highs-hipo-64-11,20251027_140932_batch,2025-10-27 14:25:34.173406,times-etimeseu-europe-elec+heat-multi_stage-29-64ts
23,reference-benchmark,reference,highs-binary,1.10.0,,OK,Optimal,238.21627487499973,,2813303766.2,,,,,benchmark-instance-old-l-size-highs-hipo-64-11,20251027_140932_batch,2025-10-27 18:23:40.902817,reference-benchmark-reference
24,times-etimeseu-europe-elec+heat-co2-multi_stage,29-64ts,highs-hipo-64,1.12.0-hipo,2025.0,warning,Unknown,16708.811503879,22977.02,4066917.6208,,,16708.811503879,36000.0,benchmark-instance-old-l-size-highs-hipo-64-12,20251027_140932_batch,2025-10-27 14:25:37.688510,times-etimeseu-europe-elec+heat-co2-multi_stage-29-64ts
25,reference-benchmark,reference,highs-binary,1.10.0,,OK,Optimal,225.80582947899893,,2813303766.2,,,,,benchmark-instance-old-l-size-highs-hipo-64-12,20251027_140932_batch,2025-10-27 19:07:53.331081,reference-benchmark-reference
26,times-ireland-noco2,40-1h,highs-hipo-64,1.12.0-hipo,2025.0,warning,Unknown,20932.988154247,32956.388,506414.93036,,,20932.988154247,36000.0,benchmark-instance-old-l-size-highs-hipo-64-13,20251027_140932_batch,2025-10-27 14:25:28.734202,times-ireland-noco2-40-1h
27,reference-benchmark,reference,highs-binary,1.10.0,,OK,Optimal,216.40818674100228,,2813303766.2,,,,,benchmark-instance-old-l-size-highs-hipo-64-13,20251027_140932_batch,2025-10-27 20:17:59.072819,reference-benchmark-reference
28,times-ireland-noco2-counties,26-1h,highs-hipo-64,1.12.0-hipo,2025.0,ok,Optimal,1230.3454145869998,2466.264,312194.2409,,,1230.3454145869998,36000.0,benchmark-instance-old-l-size-highs-hipo-64-14,20251027_140932_batch,2025-10-27 14:25:19.608064,times-ireland-noco2-counties-26-1h
29,reference-benchmark,reference,highs-binary,1.10.0,,OK,Optimal,245.70930574600013,,2813303766.2,,,,,benchmark-instance-old-l-size-highs-hipo-64-14,20251027_140932_batch,2025-10-27 14:49:56.391268,reference-benchmark-reference
30,genx-elec_trex,15-168h,highs-hipo-ipm,1.12.0-hipo,2025.0,TO,Timeout,36000.0,165.584,,,,36000.0,36000.0,benchmark-instance-old-l-size-highs-hipo-ipm-00,20251027_140932_batch,2025-10-27 14:25:11.895394,genx-elec_trex-15-168h
31,reference-benchmark,reference,highs-binary,1.10.0,,OK,Optimal,238.0229547619965,,2813303766.2,,,,,benchmark-instance-old-l-size-highs-hipo-ipm-00,20251027_140932_batch,2025-10-28 00:29:09.968027,reference-benchmark-reference
32,genx-elec_trex_co2,15-168h,highs-hipo-ipm,1.12.0-hipo,2025.0,TO,Timeout,36000.0,166.068,,,,36000.0,36000.0,benchmark-instance-old-l-size-highs-hipo-ipm-01,20251027_140932_batch,2025-10-27 14:25:07.347271,genx-elec_trex_co2-15-168h
33,reference-benchmark,reference,highs-binary,1.10.0,,OK,Optimal,229.0563271869978,,2813303766.2,,,,,benchmark-instance-old-l-size-highs-hipo-ipm-01,20251027_140932_batch,2025-10-28 00:28:56.459119,reference-benchmark-reference
34,genx-elec_trex_uc,15-24h,highs-hipo-ipm,1.12.0-hipo,2025.0,TO,Timeout,36000.0,166.776,,,,36000.0,36000.0,benchmark-instance-old-l-size-highs-hipo-ipm-02,20251027_140932_batch,2025-10-27 14:25:29.248070,genx-elec_trex_uc-15-24h
35,reference-benchmark,reference,highs-binary,1.10.0,,OK,Optimal,226.6028768019969,,2813303766.2,,,,,benchmark-instance-old-l-size-highs-hipo-ipm-02,20251027_140932_batch,2025-10-28 00:29:16.251905,reference-benchmark-reference
36,genx-elec_co2,15-168h,highs-hipo-ipm,1.12.0-hipo,2025.0,TO,Timeout,36000.0,165.624,,,,36000.0,36000.0,benchmark-instance-old-l-size-highs-hipo-ipm-03,20251027_140932_batch,2025-10-27 14:25:12.853518,genx-elec_co2-15-168h
37,reference-benchmark,reference,highs-binary,1.10.0,,OK,Optimal,242.69141673099512,,2813303766.2,,,,,benchmark-instance-old-l-size-highs-hipo-ipm-03,20251027_140932_batch,2025-10-28 00:29:15.592783,reference-benchmark-reference
38,tulipa-1_EU_investment_simple,28-1h,highs-hipo-ipm,1.12.0-hipo,2025.0,ok,Optimal,12022.797551584,21921.64,10113645948.0,,,12022.797551584,36000.0,benchmark-instance-old-l-size-highs-hipo-ipm-04,20251027_140932_batch,2025-10-27 14:25:26.153484,tulipa-1_EU_investment_simple-28-1h
39,reference-benchmark,reference,highs-binary,1.10.0,,OK,Optimal,221.0217809860005,,2813303766.2,,,,,benchmark-instance-old-l-size-highs-hipo-ipm-04,20251027_140932_batch,2025-10-27 17:49:30.833455,reference-benchmark-reference
40,temoa-US_9R_TS,9-12,highs-hipo-ipm,1.12.0-hipo,2025.0,ok,Optimal,3618.513566965,4572.58,38368452.619,,,3618.513566965,36000.0,benchmark-instance-old-l-size-highs-hipo-ipm-05,20251027_140932_batch,2025-10-27 14:25:12.681139,temoa-US_9R_TS-9-12
41,reference-benchmark,reference,highs-binary,1.10.0,,OK,Optimal,246.20894069399947,,2813303766.2,,,,,benchmark-instance-old-l-size-highs-hipo-ipm-05,20251027_140932_batch,2025-10-27 15:29:38.115609,reference-benchmark-reference
42,temoa-US_9R_TS_NDC,9-12,highs-hipo-ipm,1.12.0-hipo,2025.0,ok,Optimal,4084.386739515,4617.496,36969259.943,,,4084.386739515,36000.0,benchmark-instance-old-l-size-highs-hipo-ipm-06,20251027_140932_batch,2025-10-27 14:26:03.007735,temoa-US_9R_TS_NDC-9-12
43,reference-benchmark,reference,highs-binary,1.10.0,,OK,Optimal,226.1323791609993,,2813303766.2,,,,,benchmark-instance-old-l-size-highs-hipo-ipm-06,20251027_140932_batch,2025-10-27 15:37:54.230652,reference-benchmark-reference
44,temoa-US_9R_TS_NZ,9-12,highs-hipo-ipm,1.12.0-hipo,2025.0,ok,Optimal,4397.62029298,4612.272,37553963.752,,,4397.62029298,36000.0,benchmark-instance-old-l-size-highs-hipo-ipm-07,20251027_140932_batch,2025-10-27 14:25:34.999585,temoa-US_9R_TS_NZ-9-12
45,reference-benchmark,reference,highs-binary,1.10.0,,OK,Optimal,248.83481235,,2813303766.2,,,,,benchmark-instance-old-l-size-highs-hipo-ipm-07,20251027_140932_batch,2025-10-27 15:43:02.172201,reference-benchmark-reference
46,temoa-US_9R_TS_SP,9-12,highs-hipo-ipm,1.12.0-hipo,2025.0,ok,Optimal,3711.119687194,4604.196,36719893.571,,,3711.119687194,36000.0,benchmark-instance-old-l-size-highs-hipo-ipm-08,20251027_140932_batch,2025-10-27 14:26:08.421351,temoa-US_9R_TS_SP-9-12
47,reference-benchmark,reference,highs-binary,1.10.0,,OK,Optimal,229.4017341079998,,2813303766.2,,,,,benchmark-instance-old-l-size-highs-hipo-ipm-08,20251027_140932_batch,2025-10-27 15:31:50.073221,reference-benchmark-reference
48,TIMES-GEO-global-base,31-20ts,highs-hipo-ipm,1.12.0-hipo,2025.0,TO,Timeout,36000.0,165.988,,,,36000.0,36000.0,benchmark-instance-old-l-size-highs-hipo-ipm-09,20251027_140932_batch,2025-10-27 14:25:26.599532,TIMES-GEO-global-base-31-20ts
49,reference-benchmark,reference,highs-binary,1.10.0,,OK,Optimal,233.9372650219957,,2813303766.2,,,,,benchmark-instance-old-l-size-highs-hipo-ipm-09,20251027_140932_batch,2025-10-28 00:29:20.992134,reference-benchmark-reference
50,TIMES-GEO-global-netzero,31-20ts,highs-hipo-ipm,1.12.0-hipo,2025.0,warning,Unknown,10613.410716127,8032.364,5686649449600.0,,,10613.410716127,36000.0,benchmark-instance-old-l-size-highs-hipo-ipm-10,20251027_140932_batch,2025-10-27 14:25:07.665612,TIMES-GEO-global-netzero-31-20ts
51,reference-benchmark,reference,highs-binary,1.10.0,,OK,Optimal,245.34120398999949,,2813303766.2,,,,,benchmark-instance-old-l-size-highs-hipo-ipm-10,20251027_140932_batch,2025-10-27 17:26:07.465157,reference-benchmark-reference
52,times-etimeseu-europe-elec+heat-multi_stage,29-64ts,highs-hipo-ipm,1.12.0-hipo,2025.0,warning,Unknown,4241.763042543,3193.696,3612450.3572,,,4241.763042543,36000.0,benchmark-instance-old-l-size-highs-hipo-ipm-11,20251027_140932_batch,2025-10-27 14:25:11.772256,times-etimeseu-europe-elec+heat-multi_stage-29-64ts
53,reference-benchmark,reference,highs-binary,1.10.0,,OK,Optimal,244.1823803280004,,2813303766.2,,,,,benchmark-instance-old-l-size-highs-hipo-ipm-11,20251027_140932_batch,2025-10-27 15:39:58.428448,reference-benchmark-reference
54,times-etimeseu-europe-elec+heat-co2-multi_stage,29-64ts,highs-hipo-ipm,1.12.0-hipo,2025.0,warning,Unknown,6054.937037471,3251.06,4066917.6139,,,6054.937037471,36000.0,benchmark-instance-old-l-size-highs-hipo-ipm-12,20251027_140932_batch,2025-10-27 14:25:36.082089,times-etimeseu-europe-elec+heat-co2-multi_stage-29-64ts
55,reference-benchmark,reference,highs-binary,1.10.0,,OK,Optimal,229.5067750790004,,2813303766.2,,,,,benchmark-instance-old-l-size-highs-hipo-ipm-12,20251027_140932_batch,2025-10-27 16:10:21.682128,reference-benchmark-reference
56,times-ireland-noco2,40-1h,highs-hipo-ipm,1.12.0-hipo,2025.0,warning,Unknown,4687.536406496,5518.604,62962882010.0,,,4687.536406496,36000.0,benchmark-instance-old-l-size-highs-hipo-ipm-13,20251027_140932_batch,2025-10-27 14:25:11.443553,times-ireland-noco2-40-1h
57,reference-benchmark,reference,highs-binary,1.10.0,,OK,Optimal,232.6252794470001,,2813303766.2,,,,,benchmark-instance-old-l-size-highs-hipo-ipm-13,20251027_140932_batch,2025-10-27 15:47:12.333310,reference-benchmark-reference
58,times-ireland-noco2-counties,26-1h,highs-hipo-ipm,1.12.0-hipo,2025.0,warning,Unknown,222.496461576,1359.144,51996824042000.0,,,222.496461576,36000.0,benchmark-instance-old-l-size-highs-hipo-ipm-14,20251027_140932_batch,2025-10-27 14:25:12.849644,times-ireland-noco2-counties-26-1h
59,reference-benchmark,reference,highs-binary,1.10.0,,OK,Optimal,239.166845286,,2813303766.2,,,,,benchmark-instance-old-l-size-highs-hipo-ipm-14,20251027_140932_batch,2025-10-27 14:32:55.610873,reference-benchmark-reference
60,pypsa-power+ely-mod,1-1h,highs-hipo-ipm,1.12.0-hipo,2025.0,ok,Optimal,5.415436760000034,257.768,31715824201.0,,,5.415436760000034,3600.0,benchmark-instance-standard-00,20251027_141109_batch,2025-10-27 14:19:25.140289,pypsa-power+ely-mod-1-1h
61,reference-benchmark,reference,highs-binary,1.10.0,,OK,Optimal,185.903210074,,2813303766.2,,,,,benchmark-instance-standard-00,20251027_141109_batch,2025-10-27 14:22:37.050344,reference-benchmark-reference
62,pypsa-power+ely-mod,1-1h,highs-hipo-64,1.12.0-hipo,2025.0,ok,Optimal,5.463051309000036,259.264,31715824201.0,,,5.463051309000036,3600.0,benchmark-instance-standard-00,20251027_141109_batch,2025-10-27 14:22:37.050490,pypsa-power+ely-mod-1-1h
63,DCOPF-Carolinas_1W,1-997,highs-hipo-ipm,1.12.0-hipo,2025.0,ok,Optimal,10.911977087999958,283.372,8319911.8718,,,10.911977087999958,3600.0,benchmark-instance-standard-00,20251027_141109_batch,2025-10-27 14:22:43.098523,DCOPF-Carolinas_1W-1-997
64,DCOPF-Carolinas_1W,1-997,highs-hipo-64,1.12.0-hipo,2025.0,warning,Unknown,20.214273798999955,348.216,8320357.0011,,,20.214273798999955,3600.0,benchmark-instance-standard-00,20251027_141109_batch,2025-10-27 14:22:54.575943,DCOPF-Carolinas_1W-1-997
65,Sienna_modified_RTS_GMLC_DA_sys_NetPTDF_Horizon12_Day332,1-1h,highs-hipo-ipm,1.12.0-hipo,2025.0,ok,Optimal,25.74537214199995,175.92,238867.47731,,,25.74537214199995,3600.0,benchmark-instance-standard-00,20251027_141109_batch,2025-10-27 14:23:15.358645,Sienna_modified_RTS_GMLC_DA_sys_NetPTDF_Horizon12_Day332-1-1h
66,Sienna_modified_RTS_GMLC_DA_sys_NetPTDF_Horizon12_Day332,1-1h,highs-hipo-64,1.12.0-hipo,2025.0,ok,Optimal,25.645406563999927,175.82,238867.47731,,,25.645406563999927,3600.0,benchmark-instance-standard-00,20251027_141109_batch,2025-10-27 14:23:41.682053,Sienna_modified_RTS_GMLC_DA_sys_NetPTDF_Horizon12_Day332-1-1h
67,pypsa-power+ely+battery-mod,1-1h,highs-hipo-ipm,1.12.0-hipo,2025.0,ok,Optimal,37.26749855599997,374.208,31715824201.0,,,37.26749855599997,3600.0,benchmark-instance-standard-00,20251027_141109_batch,2025-10-27 14:24:07.892521,pypsa-power+ely+battery-mod-1-1h
68,pypsa-power+ely+battery-mod,1-1h,highs-hipo-64,1.12.0-hipo,2025.0,ok,Optimal,37.20460851799999,381.424,31715824201.0,,,37.20460851799999,3600.0,benchmark-instance-standard-00,20251027_141109_batch,2025-10-27 14:24:45.724971,pypsa-power+ely+battery-mod-1-1h
69,Sienna_modified_RTS_GMLC_DA_sys_NetCopperPlate_Horizon12_Day314,1-1h,highs-hipo-ipm,1.12.0-hipo,2025.0,ok,Optimal,130.11446481300004,394.14,250269.69995,,,130.11446481300004,3600.0,benchmark-instance-standard-00,20251027_141109_batch,2025-10-27 14:25:23.495558,Sienna_modified_RTS_GMLC_DA_sys_NetCopperPlate_Horizon12_Day314-1-1h
70,Sienna_modified_RTS_GMLC_DA_sys_NetCopperPlate_Horizon12_Day314,1-1h,highs-hipo-64,1.12.0-hipo,2025.0,ok,Optimal,130.82666881600005,392.644,250269.69995,,,130.82666881600005,3600.0,benchmark-instance-standard-00,20251027_141109_batch,2025-10-27 14:27:34.172948,Sienna_modified_RTS_GMLC_DA_sys_NetCopperPlate_Horizon12_Day314-1-1h
71,Sienna_modified_RTS_GMLC_DA_sys_NetDC_Horizon12_Day314,1-1h,highs-hipo-ipm,1.12.0-hipo,2025.0,ok,Optimal,165.03722508499993,226.328,289544.03268,,,165.03722508499993,3600.0,benchmark-instance-standard-00,20251027_141109_batch,2025-10-27 14:29:45.567327,Sienna_modified_RTS_GMLC_DA_sys_NetDC_Horizon12_Day314-1-1h
72,Sienna_modified_RTS_GMLC_DA_sys_NetDC_Horizon12_Day314,1-1h,highs-hipo-64,1.12.0-hipo,2025.0,ok,Optimal,163.98972500299988,235.164,289544.03268,,,163.98972500299988,3600.0,benchmark-instance-standard-00,20251027_141109_batch,2025-10-27 14:32:31.174460,Sienna_modified_RTS_GMLC_DA_sys_NetDC_Horizon12_Day314-1-1h
73,genx-1_three_zones-no_uc,3-1h,highs-hipo-ipm,1.12.0-hipo,2025.0,ok,Optimal,47.3764000189999,166.732,17459.930614,,,47.3764000189999,3600.0,benchmark-instance-standard-00,20251027_141109_batch,2025-10-27 14:35:15.736644,genx-1_three_zones-no_uc-3-1h
74,genx-1_three_zones-no_uc,3-1h,highs-hipo-64,1.12.0-hipo,2025.0,ok,Optimal,25.770213114999933,296.576,17459.930593,,,25.770213114999933,3600.0,benchmark-instance-standard-00,20251027_141109_batch,2025-10-27 14:36:03.687967,genx-1_three_zones-no_uc-3-1h
75,Sienna_modified_RTS_GMLC_DA_sys_NetDC_Horizon24_Day29,1-1h,highs-hipo-ipm,1.12.0-hipo,2025.0,ok,Optimal,373.3757307120002,423.312,1044605.3587,,,373.3757307120002,3600.0,benchmark-instance-standard-00,20251027_141109_batch,2025-10-27 14:36:30.021592,Sienna_modified_RTS_GMLC_DA_sys_NetDC_Horizon24_Day29-1-1h
76,Sienna_modified_RTS_GMLC_DA_sys_NetDC_Horizon24_Day29,1-1h,highs-hipo-64,1.12.0-hipo,2025.0,ok,Optimal,373.5079445040001,415.344,1044605.3587,,,373.5079445040001,3600.0,benchmark-instance-standard-00,20251027_141109_batch,2025-10-27 14:42:43.954517,Sienna_modified_RTS_GMLC_DA_sys_NetDC_Horizon24_Day29-1-1h
77,Sienna_modified_RTS_GMLC_DA_sys_NetCopperPlate_Horizon24_Day29,1-1h,highs-hipo-ipm,1.12.0-hipo,2025.0,ok,Optimal,701.9544548460001,708.048,784744.63214,,,701.9544548460001,3600.0,benchmark-instance-standard-00,20251027_141109_batch,2025-10-27 14:48:58.034516,Sienna_modified_RTS_GMLC_DA_sys_NetCopperPlate_Horizon24_Day29-1-1h
78,Sienna_modified_RTS_GMLC_DA_sys_NetCopperPlate_Horizon24_Day29,1-1h,highs-hipo-64,1.12.0-hipo,2025.0,ok,Optimal,701.9566537160003,690.276,784744.63214,,,701.9566537160003,3600.0,benchmark-instance-standard-00,20251027_141109_batch,2025-10-27 15:00:40.556644,Sienna_modified_RTS_GMLC_DA_sys_NetCopperPlate_Horizon24_Day29-1-1h
79,pypsa-eur-elec-op-ucconv,2-3h,highs-hipo-ipm,1.12.0-hipo,2025.0,ok,Optimal,2908.9271107010004,3753.452,10765442600.0,,,2908.9271107010004,3600.0,benchmark-instance-standard-00,20251027_141109_batch,2025-10-27 15:12:23.089458,pypsa-eur-elec-op-ucconv-2-3h
80,reference-benchmark,reference,highs-binary,1.10.0,,OK,Optimal,186.108206334,,2813303766.2,,,,,benchmark-instance-standard-00,20251027_141109_batch,2025-10-27 16:03:58.703172,reference-benchmark-reference
81,pypsa-eur-elec-op-ucconv,2-3h,highs-hipo-64,1.12.0-hipo,2025.0,ok,Optimal,2928.240950562,3752.3,10765442600.0,,,2928.240950562,3600.0,benchmark-instance-standard-00,20251027_141109_batch,2025-10-27 16:03:58.703307,pypsa-eur-elec-op-ucconv-2-3h
82,genx-4_three_zones_w_policies_slack,3-1h,highs-hipo-ipm,1.12.0-hipo,2025.0,TO,Timeout,3600.0,166.224,,,,3600.0,3600.0,benchmark-instance-standard-00,20251027_141109_batch,2025-10-27 16:52:47.594558,genx-4_three_zones_w_policies_slack-3-1h
83,reference-benchmark,reference,highs-binary,1.10.0,,OK,Optimal,186.81252245999892,,2813303766.2,,,,,benchmark-instance-standard-00,20251027_141109_batch,2025-10-27 17:55:54.429468,reference-benchmark-reference
84,genx-4_three_zones_w_policies_slack,3-1h,highs-hipo-64,1.12.0-hipo,2025.0,TO,Timeout,3600.0,165.58,,,,3600.0,3600.0,benchmark-instance-standard-00,20251027_141109_batch,2025-10-27 17:55:54.429599,genx-4_three_zones_w_policies_slack-3-1h
85,reference-benchmark,reference,highs-binary,1.10.0,,OK,Optimal,186.3884939109994,,2813303766.2,,,,,benchmark-instance-standard-00,20251027_141109_batch,2025-10-27 18:59:00.849410,reference-benchmark-reference
86,DCOPF-Carolinas_uc_6M,1-997,highs-hipo-ipm,1.12.0-hipo,2025.0,TO,Timeout,3600.0,166.644,,,,3600.0,3600.0,benchmark-instance-standard-00,20251027_141109_batch,2025-10-27 18:59:00.849558,DCOPF-Carolinas_uc_6M-1-997
87,reference-benchmark,reference,highs-binary,1.10.0,,OK,Optimal,186.4226153790005,,2813303766.2,,,,,benchmark-instance-standard-00,20251027_141109_batch,2025-10-27 20:02:07.304230,reference-benchmark-reference
88,DCOPF-Carolinas_uc_6M,1-997,highs-hipo-64,1.12.0-hipo,2025.0,TO,Timeout,3600.0,163.364,,,,3600.0,3600.0,benchmark-instance-standard-00,20251027_141109_batch,2025-10-27 20:02:07.304393,DCOPF-Carolinas_uc_6M-1-997
89,reference-benchmark,reference,highs-binary,1.10.0,,OK,Optimal,186.71890280300067,,2813303766.2,,,,,benchmark-instance-standard-00,20251027_141109_batch,2025-10-27 21:05:14.052393,reference-benchmark-reference
90,Sienna_modified_RTS_GMLC_DA_sys_NetTransport_Horizon24_Day332,1-1h,highs-hipo-ipm,1.12.0-hipo,2025.0,TO,Timeout,3600.0,166.62,,,,3600.0,3600.0,benchmark-instance-standard-00,20251027_141109_batch,2025-10-27 21:05:14.052530,Sienna_modified_RTS_GMLC_DA_sys_NetTransport_Horizon24_Day332-1-1h
91,reference-benchmark,reference,highs-binary,1.10.0,,OK,Optimal,185.56593223500025,,2813303766.2,,,,,benchmark-instance-standard-00,20251027_141109_batch,2025-10-27 22:08:19.654825,reference-benchmark-reference
92,Sienna_modified_RTS_GMLC_DA_sys_NetTransport_Horizon24_Day332,1-1h,highs-hipo-64,1.12.0-hipo,2025.0,TO,Timeout,3600.0,166.584,,,,3600.0,3600.0,benchmark-instance-standard-00,20251027_141109_batch,2025-10-27 22:08:19.654957,Sienna_modified_RTS_GMLC_DA_sys_NetTransport_Horizon24_Day332-1-1h
93,reference-benchmark,reference,highs-binary,1.10.0,,OK,Optimal,186.3100399959985,,2813303766.2,,,,,benchmark-instance-standard-00,20251027_141109_batch,2025-10-27 23:11:25.994877,reference-benchmark-reference
94,genx-1_three_zones,3-1h,highs-hipo-ipm,1.12.0-hipo,2025.0,TO,Timeout,3600.0,165.68,,,,3600.0,3600.0,benchmark-instance-standard-00,20251027_141109_batch,2025-10-27 23:11:25.995020,genx-1_three_zones-3-1h
95,reference-benchmark,reference,highs-binary,1.10.0,,OK,Optimal,186.55122058500277,,2813303766.2,,,,,benchmark-instance-standard-00,20251027_141109_batch,2025-10-28 00:14:32.575481,reference-benchmark-reference
96,genx-1_three_zones,3-1h,highs-hipo-64,1.12.0-hipo,2025.0,TO,Timeout,3600.0,165.728,,,,3600.0,3600.0,benchmark-instance-standard-00,20251027_141109_batch,2025-10-28 00:14:32.575612,genx-1_three_zones-3-1h
97,reference-benchmark,reference,highs-binary,1.10.0,,OK,Optimal,187.199926274996,,2813303766.2,,,,,benchmark-instance-standard-00,20251027_141109_batch,2025-10-28 01:17:39.804663,reference-benchmark-reference
98,Sienna_modified_RTS_GMLC_DA_sys_NetCopperPlate_Horizon48_Day332,1-1h,highs-hipo-ipm,1.12.0-hipo,2025.0,TO,Timeout,3600.0,165.66,,,,3600.0,3600.0,benchmark-instance-standard-00,20251027_141109_batch,2025-10-28 01:17:39.804811,Sienna_modified_RTS_GMLC_DA_sys_NetCopperPlate_Horizon48_Day332-1-1h
99,reference-benchmark,reference,highs-binary,1.10.0,,OK,Optimal,186.43855590699968,,2813303766.2,,,,,benchmark-instance-standard-00,20251027_141109_batch,2025-10-28 02:20:46.275297,reference-benchmark-reference
100,Sienna_modified_RTS_GMLC_DA_sys_NetCopperPlate_Horizon48_Day332,1-1h,highs-hipo-64,1.12.0-hipo,2025.0,TO,Timeout,3600.0,165.744,,,,3600.0,3600.0,benchmark-instance-standard-00,20251027_141109_batch,2025-10-28 02:20:46.275433,Sienna_modified_RTS_GMLC_DA_sys_NetCopperPlate_Horizon48_Day332-1-1h
101,reference-benchmark,reference,highs-binary,1.10.0,,OK,Optimal,186.0876998620006,,2813303766.2,,,,,benchmark-instance-standard-00,20251027_141109_batch,2025-10-28 03:23:52.391958,reference-benchmark-reference
102,times-etimeseu-france-elec+heat-single_stage,1-64ts,highs-hipo-ipm,1.12.0-hipo,2025.0,ok,Optimal,0.23136796,167.192,48230.353181,,,0.23136796,3600.0,benchmark-instance-standard-01,20251027_141109_batch,2025-10-27 14:19:25.616423,times-etimeseu-france-elec+heat-single_stage-1-64ts
103,reference-benchmark,reference,highs-binary,1.10.0,,OK,Optimal,182.630147328,,2813303766.2,,,,,benchmark-instance-standard-01,20251027_141109_batch,2025-10-27 14:22:29.046294,reference-benchmark-reference
104,times-etimeseu-france-elec+heat-single_stage,1-64ts,highs-hipo-64,1.12.0-hipo,2025.0,ok,Optimal,0.7462432510000099,167.156,48230.353206,,,0.7462432510000099,3600.0,benchmark-instance-standard-01,20251027_141109_batch,2025-10-27 14:22:29.046425,times-etimeseu-france-elec+heat-single_stage-1-64ts
105,times-etimeseu-france-elec+heat-multi_stage,1-64ts,highs-hipo-ipm,1.12.0-hipo,2025.0,ok,Optimal,12.404263086000014,167.016,423183.43508,,,12.404263086000014,3600.0,benchmark-instance-standard-01,20251027_141109_batch,2025-10-27 14:22:30.367679,times-etimeseu-france-elec+heat-multi_stage-1-64ts
106,times-etimeseu-france-elec+heat-multi_stage,1-64ts,highs-hipo-64,1.12.0-hipo,2025.0,ok,Optimal,25.072454816000004,277.252,423183.43595,,,25.072454816000004,3600.0,benchmark-instance-standard-01,20251027_141109_batch,2025-10-27 14:22:43.332099,times-etimeseu-france-elec+heat-multi_stage-1-64ts
107,Sienna_modified_RTS_GMLC_DA_sys_NetPTDF_Horizon12_Day29,1-1h,highs-hipo-ipm,1.12.0-hipo,2025.0,ok,Optimal,15.234037070999989,222.392,506400.44236,,,15.234037070999989,3600.0,benchmark-instance-standard-01,20251027_141109_batch,2025-10-27 14:23:08.967541,Sienna_modified_RTS_GMLC_DA_sys_NetPTDF_Horizon12_Day29-1-1h
108,Sienna_modified_RTS_GMLC_DA_sys_NetPTDF_Horizon12_Day29,1-1h,highs-hipo-64,1.12.0-hipo,2025.0,ok,Optimal,15.228569176999995,220.728,506400.44236,,,15.228569176999995,3600.0,benchmark-instance-standard-01,20251027_141109_batch,2025-10-27 14:23:24.765258,Sienna_modified_RTS_GMLC_DA_sys_NetPTDF_Horizon12_Day29-1-1h
109,pypsa-power+ely-co2,1-1h,highs-hipo-ipm,1.12.0-hipo,2025.0,ok,Optimal,28.08801646699999,167.336,84667526620.0,,,28.08801646699999,3600.0,benchmark-instance-standard-01,20251027_141109_batch,2025-10-27 14:23:40.563094,pypsa-power+ely-co2-1-1h
110,pypsa-power+ely-co2,1-1h,highs-hipo-64,1.12.0-hipo,2025.0,ok,Optimal,21.23745296000004,266.852,84667526650.0,,,21.23745296000004,3600.0,benchmark-instance-standard-01,20251027_141109_batch,2025-10-27 14:24:09.224555,pypsa-power+ely-co2-1-1h
111,pypsa-power+ely+battery-ucgas-mod,1-1h,highs-hipo-ipm,1.12.0-hipo,2025.0,ok,Optimal,94.53509131600003,346.652,79991181956.0,,,94.53509131600003,3600.0,benchmark-instance-standard-01,20251027_141109_batch,2025-10-27 14:24:31.026743,pypsa-power+ely+battery-ucgas-mod-1-1h
112,pypsa-power+ely+battery-ucgas-mod,1-1h,highs-hipo-64,1.12.0-hipo,2025.0,ok,Optimal,94.29737383400004,345.772,79991181956.0,,,94.29737383400004,3600.0,benchmark-instance-standard-01,20251027_141109_batch,2025-10-27 14:26:06.129066,pypsa-power+ely+battery-ucgas-mod-1-1h
113,times-nz-tui,2-24h,highs-hipo-ipm,1.12.0-hipo,2025.0,warning,Unknown,179.95022346999997,436.552,1402087.1244,,,179.95022346999997,3600.0,benchmark-instance-standard-01,20251027_141109_batch,2025-10-27 14:27:40.986503,times-nz-tui-2-24h
114,times-nz-tui,2-24h,highs-hipo-64,1.12.0-hipo,2025.0,warning,Unknown,745.915778202,1651.136,1402087.1241,,,745.915778202,3600.0,benchmark-instance-standard-01,20251027_141109_batch,2025-10-27 14:30:41.504521,times-nz-tui-2-24h
115,pypsa-eur-elec-op-ucconv,5-24h,highs-hipo-ipm,1.12.0-hipo,2025.0,ok,Optimal,157.75140829800011,606.532,10555243914.0,,,157.75140829800011,3600.0,benchmark-instance-standard-01,20251027_141109_batch,2025-10-27 14:43:07.984640,pypsa-eur-elec-op-ucconv-5-24h
116,pypsa-eur-elec-op-ucconv,5-24h,highs-hipo-64,1.12.0-hipo,2025.0,ok,Optimal,157.83642977699992,626.708,10555243914.0,,,157.83642977699992,3600.0,benchmark-instance-standard-01,20251027_141109_batch,2025-10-27 14:45:46.315077,pypsa-eur-elec-op-ucconv-5-24h
117,tulipa-1_EU_investment_simple,28-4.3h,highs-hipo-ipm,1.12.0-hipo,2025.0,ok,Optimal,377.2788725979999,4629.696,3104026346.0,,,377.2788725979999,3600.0,benchmark-instance-standard-01,20251027_141109_batch,2025-10-27 14:48:24.722513,tulipa-1_EU_investment_simple-28-4.3h
118,tulipa-1_EU_investment_simple,28-4.3h,highs-hipo-64,1.12.0-hipo,2025.0,ok,Optimal,376.646180788,4636.148,3104026346.0,,,376.646180788,3600.0,benchmark-instance-standard-01,20251027_141109_batch,2025-10-27 14:54:42.577305,tulipa-1_EU_investment_simple-28-4.3h
119,tulipa-1_EU_investment_simple,28-2.2h,highs-hipo-ipm,1.12.0-hipo,2025.0,OOM,Out of Memory,,,,,,,3600.0,benchmark-instance-standard-01,20251027_141109_batch,2025-10-27 15:01:00.192644,tulipa-1_EU_investment_simple-28-2.2h
120,reference-benchmark,reference,highs-binary,1.10.0,,OK,Optimal,183.39857323999968,,2813303766.2,,,,,benchmark-instance-standard-01,20251027_141109_batch,2025-10-27 15:26:16.647263,reference-benchmark-reference
121,tulipa-1_EU_investment_simple,28-2.2h,highs-hipo-64,1.12.0-hipo,2025.0,OOM,Out of Memory,,,,,,,3600.0,benchmark-instance-standard-01,20251027_141109_batch,2025-10-27 15:26:16.647417,tulipa-1_EU_investment_simple-28-2.2h
122,pypsa-eur-elec-trex,3-3h,highs-hipo-ipm,1.12.0-hipo,2025.0,ok,Optimal,225.10206826300052,405.08,8858258625.3,,,225.10206826300052,3600.0,benchmark-instance-standard-01,20251027_141109_batch,2025-10-27 15:48:26.444975,pypsa-eur-elec-trex-3-3h
123,pypsa-eur-elec-trex,3-3h,highs-hipo-64,1.12.0-hipo,2025.0,ok,Optimal,119.65096373100003,1623.972,8858258601.9,,,119.65096373100003,3600.0,benchmark-instance-standard-01,20251027_141109_batch,2025-10-27 15:52:12.450191,pypsa-eur-elec-trex-3-3h
124,Sienna_modified_RTS_GMLC_DA_sys_NetDC_Horizon24_Day332,1-1h,highs-hipo-ipm,1.12.0-hipo,2025.0,ok,Optimal,1556.1945574009997,886.476,892297.76432,,,1556.1945574009997,3600.0,benchmark-instance-standard-01,20251027_141109_batch,2025-10-27 15:54:12.672714,Sienna_modified_RTS_GMLC_DA_sys_NetDC_Horizon24_Day332-1-1h
125,Sienna_modified_RTS_GMLC_DA_sys_NetDC_Horizon24_Day332,1-1h,highs-hipo-64,1.12.0-hipo,2025.0,ok,Optimal,1562.8377032809994,911.032,892297.76432,,,1562.8377032809994,3600.0,benchmark-instance-standard-01,20251027_141109_batch,2025-10-27 16:20:09.447059,Sienna_modified_RTS_GMLC_DA_sys_NetDC_Horizon24_Day332-1-1h
126,reference-benchmark,reference,highs-binary,1.10.0,,OK,Optimal,184.34310469699997,,2813303766.2,,,,,benchmark-instance-standard-01,20251027_141109_batch,2025-10-27 16:49:17.190689,reference-benchmark-reference
127,Sienna_modified_RTS_GMLC_DA_sys_NetDC_Horizon48_Day29,1-1h,highs-hipo-ipm,1.12.0-hipo,2025.0,TO,Timeout,3600.0,166.58,,,,3600.0,3600.0,benchmark-instance-standard-01,20251027_141109_batch,2025-10-27 16:49:17.190826,Sienna_modified_RTS_GMLC_DA_sys_NetDC_Horizon48_Day29-1-1h
128,reference-benchmark,reference,highs-binary,1.10.0,,OK,Optimal,183.05474271800085,,2813303766.2,,,,,benchmark-instance-standard-01,20251027_141109_batch,2025-10-27 17:52:20.272341,reference-benchmark-reference
129,Sienna_modified_RTS_GMLC_DA_sys_NetDC_Horizon48_Day29,1-1h,highs-hipo-64,1.12.0-hipo,2025.0,TO,Timeout,3600.0,166.628,,,,3600.0,3600.0,benchmark-instance-standard-01,20251027_141109_batch,2025-10-27 17:52:20.272485,Sienna_modified_RTS_GMLC_DA_sys_NetDC_Horizon48_Day29-1-1h
130,reference-benchmark,reference,highs-binary,1.10.0,,OK,Optimal,182.8922544449997,,2813303766.2,,,,,benchmark-instance-standard-01,20251027_141109_batch,2025-10-27 18:55:23.193865,reference-benchmark-reference
131,Sienna_modified_RTS_GMLC_DA_sys_NetPTDF_Horizon48_Day314,1-1h,highs-hipo-ipm,1.12.0-hipo,2025.0,TO,Timeout,3600.0,166.784,,,,3600.0,3600.0,benchmark-instance-standard-01,20251027_141109_batch,2025-10-27 18:55:23.194009,Sienna_modified_RTS_GMLC_DA_sys_NetPTDF_Horizon48_Day314-1-1h
132,reference-benchmark,reference,highs-binary,1.10.0,,OK,Optimal,183.267094001003,,2813303766.2,,,,,benchmark-instance-standard-01,20251027_141109_batch,2025-10-27 19:58:26.492159,reference-benchmark-reference
133,Sienna_modified_RTS_GMLC_DA_sys_NetPTDF_Horizon48_Day314,1-1h,highs-hipo-64,1.12.0-hipo,2025.0,TO,Timeout,3600.0,166.208,,,,3600.0,3600.0,benchmark-instance-standard-01,20251027_141109_batch,2025-10-27 19:58:26.492291,Sienna_modified_RTS_GMLC_DA_sys_NetPTDF_Horizon48_Day314-1-1h
134,reference-benchmark,reference,highs-binary,1.10.0,,OK,Optimal,183.24962180700092,,2813303766.2,,,,,benchmark-instance-standard-01,20251027_141109_batch,2025-10-27 21:01:29.779480,reference-benchmark-reference
135,times-ireland-noco2,1-1h,highs-hipo-ipm,1.12.0-hipo,2025.0,ok,Optimal,269.35702989400306,652.212,437542.76846,,,269.35702989400306,3600.0,benchmark-instance-standard-01,20251027_141109_batch,2025-10-27 21:01:29.779612,times-ireland-noco2-1-1h
136,times-ireland-noco2,1-1h,highs-hipo-64,1.12.0-hipo,2025.0,warning,Unknown,330.7179962349983,1159.204,437540.51225,,,330.7179962349983,3600.0,benchmark-instance-standard-01,20251027_141109_batch,2025-10-27 21:05:59.707460,times-ireland-noco2-1-1h
137,Sienna_modified_RTS_GMLC_DA_sys_NetPTDF_Horizon48_Day332,1-1h,highs-hipo-ipm,1.12.0-hipo,2025.0,TO,Timeout,3600.0,165.656,,,,3600.0,3600.0,benchmark-instance-standard-01,20251027_141109_batch,2025-10-27 21:11:30.992245,Sienna_modified_RTS_GMLC_DA_sys_NetPTDF_Horizon48_Day332-1-1h
138,reference-benchmark,reference,highs-binary,1.10.0,,OK,Optimal,182.27623533899896,,2813303766.2,,,,,benchmark-instance-standard-01,20251027_141109_batch,2025-10-27 22:14:33.294499,reference-benchmark-reference
139,Sienna_modified_RTS_GMLC_DA_sys_NetPTDF_Horizon48_Day332,1-1h,highs-hipo-64,1.12.0-hipo,2025.0,TO,Timeout,3600.0,166.528,,,,3600.0,3600.0,benchmark-instance-standard-01,20251027_141109_batch,2025-10-27 22:14:33.294632,Sienna_modified_RTS_GMLC_DA_sys_NetPTDF_Horizon48_Day332-1-1h
140,reference-benchmark,reference,highs-binary,1.10.0,,OK,Optimal,182.30927337700268,,2813303766.2,,,,,benchmark-instance-standard-01,20251027_141109_batch,2025-10-27 23:17:35.642993,reference-benchmark-reference
141,tulipa-1_EU_investment_simple,28-24h,highs-hipo-ipm,1.12.0-hipo,2025.0,ok,Optimal,6.613380469999981,166.812,223314289.81,,,6.613380469999981,3600.0,benchmark-instance-standard-02,20251027_141109_batch,2025-10-27 14:19:25.245857,tulipa-1_EU_investment_simple-28-24h
142,reference-benchmark,reference,highs-binary,1.10.0,,OK,Optimal,179.43515086500005,,2813303766.2,,,,,benchmark-instance-standard-02,20251027_141109_batch,2025-10-27 14:22:31.877303,reference-benchmark-reference
143,tulipa-1_EU_investment_simple,28-24h,highs-hipo-64,1.12.0-hipo,2025.0,ok,Optimal,6.640232276999996,167.184,223314289.81,,,6.640232276999996,3600.0,benchmark-instance-standard-02,20251027_141109_batch,2025-10-27 14:22:31.877434,tulipa-1_EU_investment_simple-28-24h
144,DCOPF-Carolinas_2M,1-997,highs-hipo-ipm,1.12.0-hipo,2025.0,ok,Optimal,10.721923686999958,283.532,4463676.8343,,,10.721923686999958,3600.0,benchmark-instance-standard-02,20251027_141109_batch,2025-10-27 14:22:39.103198,DCOPF-Carolinas_2M-1-997
145,DCOPF-Carolinas_2M,1-997,highs-hipo-64,1.12.0-hipo,2025.0,warning,Unknown,11.915749532999996,343.3,1808966036.5,,,11.915749532999996,3600.0,benchmark-instance-standard-02,20251027_141109_batch,2025-10-27 14:22:50.394974,DCOPF-Carolinas_2M-1-997
146,pypsa-eur-elec-op,6-24h,highs-hipo-ipm,1.12.0-hipo,2025.0,ok,Optimal,20.33123350899996,167.26,7251071015.1,,,20.33123350899996,3600.0,benchmark-instance-standard-02,20251027_141109_batch,2025-10-27 14:23:02.868240,pypsa-eur-elec-op-6-24h
147,pypsa-eur-elec-op,6-24h,highs-hipo-64,1.12.0-hipo,2025.0,ok,Optimal,14.461146793000012,364.616,7251071022.0,,,14.461146793000012,3600.0,benchmark-instance-standard-02,20251027_141109_batch,2025-10-27 14:23:23.760269,pypsa-eur-elec-op-6-24h
148,pypsa-eur-elec-op,4-3h,highs-hipo-ipm,1.12.0-hipo,2025.0,ok,Optimal,336.87179519999995,574.92,8630161438.1,,,336.87179519999995,3600.0,benchmark-instance-standard-02,20251027_141109_batch,2025-10-27 14:23:38.776523,pypsa-eur-elec-op-4-3h
149,pypsa-eur-elec-op,4-3h,highs-hipo-64,1.12.0-hipo,2025.0,ok,Optimal,194.727718847,2544.804,8630161414.0,,,194.727718847,3600.0,benchmark-instance-standard-02,20251027_141109_batch,2025-10-27 14:29:16.197999,pypsa-eur-elec-op-4-3h
150,Sienna_modified_RTS_GMLC_DA_sys_NetDC_Horizon12_Day29,1-1h,highs-hipo-ipm,1.12.0-hipo,2025.0,ok,Optimal,34.1173575360001,209.592,505951.59815,,,34.1173575360001,3600.0,benchmark-instance-standard-02,20251027_141109_batch,2025-10-27 14:32:31.478002,Sienna_modified_RTS_GMLC_DA_sys_NetDC_Horizon12_Day29-1-1h
151,Sienna_modified_RTS_GMLC_DA_sys_NetDC_Horizon12_Day29,1-1h,highs-hipo-64,1.12.0-hipo,2025.0,ok,Optimal,34.07169965200001,210.232,505951.59815,,,34.07169965200001,3600.0,benchmark-instance-standard-02,20251027_141109_batch,2025-10-27 14:33:06.164338,Sienna_modified_RTS_GMLC_DA_sys_NetDC_Horizon12_Day29-1-1h
152,Sienna_modified_RTS_GMLC_DA_sys_NetPTDF_Horizon12_Day314,1-1h,highs-hipo-ipm,1.12.0-hipo,2025.0,ok,Optimal,48.23760269500008,166.888,289911.87178,,,48.23760269500008,3600.0,benchmark-instance-standard-02,20251027_141109_batch,2025-10-27 14:33:40.804968,Sienna_modified_RTS_GMLC_DA_sys_NetPTDF_Horizon12_Day314-1-1h
153,Sienna_modified_RTS_GMLC_DA_sys_NetPTDF_Horizon12_Day314,1-1h,highs-hipo-64,1.12.0-hipo,2025.0,ok,Optimal,48.20467999300013,164.6,289911.87178,,,48.20467999300013,3600.0,benchmark-instance-standard-02,20251027_141109_batch,2025-10-27 14:34:29.608086,Sienna_modified_RTS_GMLC_DA_sys_NetPTDF_Horizon12_Day314-1-1h
154,Sienna_modified_RTS_GMLC_DA_sys_NetTransport_Horizon12_Day314,1-1h,highs-hipo-ipm,1.12.0-hipo,2025.0,ok,Optimal,211.40506696600005,421.524,250234.60095,,,211.40506696600005,3600.0,benchmark-instance-standard-02,20251027_141109_batch,2025-10-27 14:35:18.371786,Sienna_modified_RTS_GMLC_DA_sys_NetTransport_Horizon12_Day314-1-1h
155,Sienna_modified_RTS_GMLC_DA_sys_NetTransport_Horizon12_Day314,1-1h,highs-hipo-64,1.12.0-hipo,2025.0,ok,Optimal,214.89261283600013,402.104,250234.60095,,,214.89261283600013,3600.0,benchmark-instance-standard-02,20251027_141109_batch,2025-10-27 14:38:50.340311,Sienna_modified_RTS_GMLC_DA_sys_NetTransport_Horizon12_Day314-1-1h
156,times-etimeseu-europe-elec+heat-co2-single_stage,29-64ts,highs-hipo-ipm,1.12.0-hipo,2025.0,warning,Unknown,34.07308770000009,509.372,432045.63026,,,34.07308770000009,3600.0,benchmark-instance-standard-02,20251027_141109_batch,2025-10-27 14:42:25.797079,times-etimeseu-europe-elec+heat-co2-single_stage-29-64ts
157,times-etimeseu-europe-elec+heat-co2-single_stage,29-64ts,highs-hipo-64,1.12.0-hipo,2025.0,warning,Unknown,87.50534549000008,617.368,432045.6313,,,87.50534549000008,3600.0,benchmark-instance-standard-02,20251027_141109_batch,2025-10-27 14:43:00.434430,times-etimeseu-europe-elec+heat-co2-single_stage-29-64ts
158,pypsa-eur-sec,6-24h,highs-hipo-ipm,1.12.0-hipo,2025.0,ok,Optimal,227.22296427799984,344.056,15362266368.0,,,227.22296427799984,3600.0,benchmark-instance-standard-02,20251027_141109_batch,2025-10-27 14:44:28.494870,pypsa-eur-sec-6-24h
159,pypsa-eur-sec,6-24h,highs-hipo-64,1.12.0-hipo,2025.0,ok,Optimal,771.9537458960001,2732.96,15362266367.0,,,771.9537458960001,3600.0,benchmark-instance-standard-02,20251027_141109_batch,2025-10-27 14:48:16.283640,pypsa-eur-sec-6-24h
160,Sienna_modified_RTS_GMLC_DA_sys_NetTransport_Horizon24_Day314,1-1h,highs-hipo-ipm,1.12.0-hipo,2025.0,ok,Optimal,1169.3113466229995,804.928,796622.78033,,,1169.3113466229995,3600.0,benchmark-instance-standard-02,20251027_141109_batch,2025-10-27 15:01:08.794599,Sienna_modified_RTS_GMLC_DA_sys_NetTransport_Horizon24_Day314-1-1h
161,reference-benchmark,reference,highs-binary,1.10.0,,OK,Optimal,180.5952422270002,,2813303766.2,,,,,benchmark-instance-standard-02,20251027_141109_batch,2025-10-27 15:23:39.271837,reference-benchmark-reference
162,Sienna_modified_RTS_GMLC_DA_sys_NetTransport_Horizon24_Day314,1-1h,highs-hipo-64,1.12.0-hipo,2025.0,ok,Optimal,1172.0848335720002,802.956,796622.78033,,,1172.0848335720002,3600.0,benchmark-instance-standard-02,20251027_141109_batch,2025-10-27 15:23:39.271962,Sienna_modified_RTS_GMLC_DA_sys_NetTransport_Horizon24_Day314-1-1h
163,genx-8_three_zones_w_colocated_VRE_storage_electrolyzers,3-1h,highs-hipo-ipm,1.12.0-hipo,2025.0,TO,Timeout,3600.0,165.624,,,,3600.0,3600.0,benchmark-instance-standard-02,20251027_141109_batch,2025-10-27 15:43:11.923975,genx-8_three_zones_w_colocated_VRE_storage_electrolyzers-3-1h
164,reference-benchmark,reference,highs-binary,1.10.0,,OK,Optimal,180.93437656600145,,2813303766.2,,,,,benchmark-instance-standard-02,20251027_141109_batch,2025-10-27 16:46:12.889159,reference-benchmark-reference
165,genx-8_three_zones_w_colocated_VRE_storage_electrolyzers,3-1h,highs-hipo-64,1.12.0-hipo,2025.0,TO,Timeout,3600.0,166.636,,,,3600.0,3600.0,benchmark-instance-standard-02,20251027_141109_batch,2025-10-27 16:46:12.889286,genx-8_three_zones_w_colocated_VRE_storage_electrolyzers-3-1h
166,reference-benchmark,reference,highs-binary,1.10.0,,OK,Optimal,179.80390592600088,,2813303766.2,,,,,benchmark-instance-standard-02,20251027_141109_batch,2025-10-27 17:49:12.726016,reference-benchmark-reference
167,Sienna_modified_RTS_GMLC_DA_sys_NetTransport_Horizon48_Day332,1-1h,highs-hipo-ipm,1.12.0-hipo,2025.0,TO,Timeout,3600.0,165.648,,,,3600.0,3600.0,benchmark-instance-standard-02,20251027_141109_batch,2025-10-27 17:49:12.726153,Sienna_modified_RTS_GMLC_DA_sys_NetTransport_Horizon48_Day332-1-1h
168,reference-benchmark,reference,highs-binary,1.10.0,,OK,Optimal,180.9945420719996,,2813303766.2,,,,,benchmark-instance-standard-02,20251027_141109_batch,2025-10-27 18:52:13.748878,reference-benchmark-reference
169,Sienna_modified_RTS_GMLC_DA_sys_NetTransport_Horizon48_Day332,1-1h,highs-hipo-64,1.12.0-hipo,2025.0,TO,Timeout,3600.0,166.584,,,,3600.0,3600.0,benchmark-instance-standard-02,20251027_141109_batch,2025-10-27 18:52:13.749008,Sienna_modified_RTS_GMLC_DA_sys_NetTransport_Horizon48_Day332-1-1h
170,reference-benchmark,reference,highs-binary,1.10.0,,OK,Optimal,180.93580234899852,,2813303766.2,,,,,benchmark-instance-standard-02,20251027_141109_batch,2025-10-27 19:55:14.718361,reference-benchmark-reference
171,pglib_opf_case2868,2868-NA,highs-hipo-ipm,1.12.0-hipo,2025.0,TO,Timeout,3600.0,165.816,,,,3600.0,3600.0,benchmark-instance-standard-02,20251027_141109_batch,2025-10-27 19:55:14.718491,pglib_opf_case2868-2868-NA
172,reference-benchmark,reference,highs-binary,1.10.0,,OK,Optimal,180.2027463079976,,2813303766.2,,,,,benchmark-instance-standard-02,20251027_141109_batch,2025-10-27 20:58:14.951860,reference-benchmark-reference
173,pglib_opf_case2868,2868-NA,highs-hipo-64,1.12.0-hipo,2025.0,TO,Timeout,3600.0,164.572,,,,3600.0,3600.0,benchmark-instance-standard-02,20251027_141109_batch,2025-10-27 20:58:14.951992,pglib_opf_case2868-2868-NA
174,reference-benchmark,reference,highs-binary,1.10.0,,OK,Optimal,179.51071485100329,,2813303766.2,,,,,benchmark-instance-standard-02,20251027_141109_batch,2025-10-27 22:01:14.491907,reference-benchmark-reference
175,pypsa-eur-elec-trex,4-3h,highs-hipo-ipm,1.12.0-hipo,2025.0,ok,Optimal,403.07794529799867,581.392,8526455900.1,,,403.07794529799867,3600.0,benchmark-instance-standard-02,20251027_141109_batch,2025-10-27 22:01:14.492038,pypsa-eur-elec-trex-4-3h
176,pypsa-eur-elec-trex,4-3h,highs-hipo-64,1.12.0-hipo,2025.0,ok,Optimal,225.32097544299904,2886.44,8526455876.7,,,225.32097544299904,3600.0,benchmark-instance-standard-02,20251027_141109_batch,2025-10-27 22:07:58.133667,pypsa-eur-elec-trex-4-3h
177,genx-10_IEEE_9_bus_DC_OPF,9-1h,highs-hipo-ipm,1.12.0-hipo,2025.0,TO,Timeout,3600.0,166.108,,,,3600.0,3600.0,benchmark-instance-standard-02,20251027_141109_batch,2025-10-27 22:11:44.016764,genx-10_IEEE_9_bus_DC_OPF-9-1h
178,reference-benchmark,reference,highs-binary,1.10.0,,OK,Optimal,180.51925268299965,,2813303766.2,,,,,benchmark-instance-standard-02,20251027_141109_batch,2025-10-27 23:14:44.558258,reference-benchmark-reference
179,genx-10_IEEE_9_bus_DC_OPF,9-1h,highs-hipo-64,1.12.0-hipo,2025.0,TO,Timeout,3600.0,166.584,,,,3600.0,3600.0,benchmark-instance-standard-02,20251027_141109_batch,2025-10-27 23:14:44.558397,genx-10_IEEE_9_bus_DC_OPF-9-1h
180,reference-benchmark,reference,highs-binary,1.10.0,,OK,Optimal,181.30307478800387,,2813303766.2,,,,,benchmark-instance-standard-02,20251027_141109_batch,2025-10-28 00:17:45.889644,reference-benchmark-reference
181,times-etimeseu-france-elec+heat-co2-multi_stage,1-64ts,highs-hipo-ipm,1.12.0-hipo,2025.0,ok,Optimal,13.495803470000029,165.204,427842.12072,,,13.495803470000029,3600.0,benchmark-instance-standard-03,20251027_141109_batch,2025-10-27 14:19:24.298059,times-etimeseu-france-elec+heat-co2-multi_stage-1-64ts
182,reference-benchmark,reference,highs-binary,1.10.0,,OK,Optimal,179.69711241600004,,2813303766.2,,,,,benchmark-instance-standard-03,20251027_141109_batch,2025-10-27 14:22:38.077161,reference-benchmark-reference
183,Sienna_modified_RTS_GMLC_DA_sys_NetCopperPlate_Horizon12_Day332,1-1h,highs-hipo-ipm,1.12.0-hipo,2025.0,ok,Optimal,16.62180087500002,166.728,222003.30673,,,16.62180087500002,3600.0,benchmark-instance-standard-03,20251027_141109_batch,2025-10-27 14:22:38.077307,Sienna_modified_RTS_GMLC_DA_sys_NetCopperPlate_Horizon12_Day332-1-1h
184,pypsa-power+ely-ucgas-mod,1-1h,highs-hipo-ipm,1.12.0-hipo,2025.0,ok,Optimal,50.99226881499999,294.128,84668286067.0,,,50.99226881499999,3600.0,benchmark-instance-standard-03,20251027_141109_batch,2025-10-27 14:22:55.299373,pypsa-power+ely-ucgas-mod-1-1h
185,genx-3_three_zones_w_co2_capture-no_uc,3-1h,highs-hipo-ipm,1.12.0-hipo,2025.0,ok,Optimal,52.46860060799997,167.796,6371.6018376,,,52.46860060799997,3600.0,benchmark-instance-standard-03,20251027_141109_batch,2025-10-27 14:23:46.856686,genx-3_three_zones_w_co2_capture-no_uc-3-1h
186,tulipa-1_EU_investment_simple,28-13h,highs-hipo-ipm,1.12.0-hipo,2025.0,ok,Optimal,96.683160605,1965.168,1201041322.7,,,96.683160605,3600.0,benchmark-instance-standard-03,20251027_141109_batch,2025-10-27 14:24:39.888371,tulipa-1_EU_investment_simple-28-13h
187,pypsa-eur-elec-op,8-12h,highs-hipo-ipm,1.12.0-hipo,2025.0,ok,Optimal,123.17896074100008,285.512,7361431614.5,,,123.17896074100008,3600.0,benchmark-instance-standard-03,20251027_141109_batch,2025-10-27 14:26:17.129246,pypsa-eur-elec-op-8-12h
188,genx-4_three_zones_w_policies_slack-no_uc,3-1h,highs-hipo-ipm,1.12.0-hipo,2025.0,ok,Optimal,100.74787586800004,187.22,21182.24823,,,100.74787586800004,3600.0,benchmark-instance-standard-03,20251027_141109_batch,2025-10-27 14:28:20.875264,genx-4_three_zones_w_policies_slack-no_uc-3-1h
189,Sienna_modified_RTS_GMLC_DA_sys_NetCopperPlate_Horizon24_Day314,1-1h,highs-hipo-ipm,1.12.0-hipo,2025.0,ok,Optimal,824.057731644,809.252,796885.02773,,,824.057731644,3600.0,benchmark-instance-standard-03,20251027_141109_batch,2025-10-27 14:30:02.181680,Sienna_modified_RTS_GMLC_DA_sys_NetCopperPlate_Horizon24_Day314-1-1h
190,genx-2_three_zones_w_electrolyzer,3-1h,highs-hipo-ipm,1.12.0-hipo,2025.0,ok,Optimal,1174.058835965,2015.252,19883.126328,,,1174.058835965,3600.0,benchmark-instance-standard-03,20251027_141109_batch,2025-10-27 14:43:46.791728,genx-2_three_zones_w_electrolyzer-3-1h
191,DCOPF-Carolinas_uc_1W,1-997,highs-hipo-ipm,1.12.0-hipo,2025.0,ok,Optimal,2057.7152123590004,2338.068,8319911.8291,,,2057.7152123590004,3600.0,benchmark-instance-standard-03,20251027_141109_batch,2025-10-27 15:03:21.407918,DCOPF-Carolinas_uc_1W-1-997
192,reference-benchmark,reference,highs-binary,1.10.0,,OK,Optimal,179.3749215480002,,2813303766.2,,,,,benchmark-instance-standard-03,20251027_141109_batch,2025-10-27 15:40:39.071180,reference-benchmark-reference
193,Sienna_modified_RTS_GMLC_DA_sys_NetTransport_Horizon48_Day314,1-1h,highs-hipo-ipm,1.12.0-hipo,2025.0,TO,Timeout,3600.0,166.928,,,,3600.0,3600.0,benchmark-instance-standard-03,20251027_141109_batch,2025-10-27 15:40:39.071321,Sienna_modified_RTS_GMLC_DA_sys_NetTransport_Horizon48_Day314-1-1h
194,reference-benchmark,reference,highs-binary,1.10.0,,OK,Optimal,179.22086327999932,,2813303766.2,,,,,benchmark-instance-standard-03,20251027_141109_batch,2025-10-27 16:43:38.319261,reference-benchmark-reference
195,genx-6_three_zones_w_multistage,3-1h,highs-hipo-ipm,1.12.0-hipo,2025.0,ok,Optimal,2372.805055214001,3147.556,4572.1012076,,,2372.805055214001,3600.0,benchmark-instance-standard-03,20251027_141109_batch,2025-10-27 16:43:38.319396,genx-6_three_zones_w_multistage-3-1h
196,Sienna_modified_RTS_GMLC_DA_sys_NetPTDF_Horizon48_Day29,1-1h,highs-hipo-ipm,1.12.0-hipo,2025.0,TO,Timeout,3600.0,165.888,,,,3600.0,3600.0,benchmark-instance-standard-03,20251027_141109_batch,2025-10-27 17:23:11.694590,Sienna_modified_RTS_GMLC_DA_sys_NetPTDF_Horizon48_Day29-1-1h
197,reference-benchmark,reference,highs-binary,1.10.0,,OK,Optimal,178.54067736700017,,2813303766.2,,,,,benchmark-instance-standard-03,20251027_141109_batch,2025-10-27 18:26:10.301728,reference-benchmark-reference
198,genx-9_three_zones_w_retrofit,3-1h,highs-hipo-ipm,1.12.0-hipo,2025.0,TO,Timeout,3600.0,166.344,,,,3600.0,3600.0,benchmark-instance-standard-03,20251027_141109_batch,2025-10-27 18:26:10.301869,genx-9_three_zones_w_retrofit-3-1h
199,reference-benchmark,reference,highs-binary,1.10.0,,OK,Optimal,179.06418922100056,,2813303766.2,,,,,benchmark-instance-standard-03,20251027_141109_batch,2025-10-27 19:29:09.393845,reference-benchmark-reference
200,temoa-utopia,1-6,highs-hipo-ipm,1.12.0-hipo,2025.0,warning,Unknown,0.0384865929999591,167.056,36535.631274,,,0.0384865929999591,3600.0,benchmark-instance-standard-04,20251027_141109_batch,2025-10-27 14:19:25.145427,temoa-utopia-1-6
201,reference-benchmark,reference,highs-binary,1.10.0,,OK,Optimal,180.502261615,,2813303766.2,,,,,benchmark-instance-standard-04,20251027_141109_batch,2025-10-27 14:22:26.266575,reference-benchmark-reference
202,temoa-utopia,1-6,highs-hipo-64,1.12.0-hipo,2025.0,warning,Unknown,0.1394829299999855,165.14,36535.631424,,,0.1394829299999855,3600.0,benchmark-instance-standard-04,20251027_141109_batch,2025-10-27 14:22:26.266704,temoa-utopia-1-6
203,genx-7_three_zones_w_colocated_VRE_storage,3-24h,highs-hipo-ipm,1.12.0-hipo,2025.0,ok,Optimal,0.2528222079999978,166.944,443334.43059,,,0.2528222079999978,3600.0,benchmark-instance-standard-04,20251027_141109_batch,2025-10-27 14:22:26.979118,genx-7_three_zones_w_colocated_VRE_storage-3-24h
204,genx-7_three_zones_w_colocated_VRE_storage,3-24h,highs-hipo-64,1.12.0-hipo,2025.0,ok,Optimal,0.2390217649999613,167.004,443334.43059,,,0.2390217649999613,3600.0,benchmark-instance-standard-04,20251027_141109_batch,2025-10-27 14:22:27.769257,genx-7_three_zones_w_colocated_VRE_storage-3-24h
205,times-etimeseu-france-elec+heat-co2-single_stage,1-64ts,highs-hipo-ipm,1.12.0-hipo,2025.0,ok,Optimal,0.2760174130000337,166.824,48230.353205,,,0.2760174130000337,3600.0,benchmark-instance-standard-04,20251027_141109_batch,2025-10-27 14:22:28.552410,times-etimeseu-france-elec+heat-co2-single_stage-1-64ts
206,times-etimeseu-france-elec+heat-co2-single_stage,1-64ts,highs-hipo-64,1.12.0-hipo,2025.0,ok,Optimal,0.822887680000008,167.096,48230.353181,,,0.822887680000008,3600.0,benchmark-instance-standard-04,20251027_141109_batch,2025-10-27 14:22:29.371767,times-etimeseu-france-elec+heat-co2-single_stage-1-64ts
207,pypsa-power+ely,1-1h,highs-hipo-ipm,1.12.0-hipo,2025.0,ok,Optimal,15.260834412000008,166.54,31714138137.0,,,15.260834412000008,3600.0,benchmark-instance-standard-04,20251027_141109_batch,2025-10-27 14:22:30.745316,pypsa-power+ely-1-1h
208,pypsa-power+ely,1-1h,highs-hipo-64,1.12.0-hipo,2025.0,ok,Optimal,16.56121322299998,291.904,31714138113.0,,,16.56121322299998,3600.0,benchmark-instance-standard-04,20251027_141109_batch,2025-10-27 14:22:46.563214,pypsa-power+ely-1-1h
209,DCOPF-Carolinas_6M,1-997,highs-hipo-ipm,1.12.0-hipo,2025.0,ok,Optimal,11.70599398600001,281.476,9293706.6812,,,11.70599398600001,3600.0,benchmark-instance-standard-04,20251027_141109_batch,2025-10-27 14:23:03.684418,DCOPF-Carolinas_6M-1-997
210,DCOPF-Carolinas_6M,1-997,highs-hipo-64,1.12.0-hipo,2025.0,warning,Unknown,12.897202382999978,346.224,689387094.57,,,12.897202382999978,3600.0,benchmark-instance-standard-04,20251027_141109_batch,2025-10-27 14:23:15.951425,DCOPF-Carolinas_6M-1-997
211,pypsa-eur-sec,2-24h,highs-hipo-ipm,1.12.0-hipo,2025.0,ok,Optimal,30.35125941000001,164.928,15337522281.0,,,30.35125941000001,3600.0,benchmark-instance-standard-04,20251027_141109_batch,2025-10-27 14:23:29.413424,pypsa-eur-sec-2-24h
212,pypsa-eur-sec,2-24h,highs-hipo-64,1.12.0-hipo,2025.0,ok,Optimal,39.880394196,476.308,15337522255.0,,,39.880394196,3600.0,benchmark-instance-standard-04,20251027_141109_batch,2025-10-27 14:24:00.324452,pypsa-eur-sec-2-24h
213,pypsa-eur-sec,5-12h,highs-hipo-ipm,1.12.0-hipo,2025.0,ok,Optimal,1135.503244221,601.316,15716534874.0,,,1135.503244221,3600.0,benchmark-instance-standard-04,20251027_141109_batch,2025-10-27 14:24:40.763473,pypsa-eur-sec-5-12h
214,pypsa-eur-sec,5-12h,highs-hipo-64,1.12.0-hipo,2025.0,OOM,Out of Memory,,,,,,,3600.0,benchmark-instance-standard-04,20251027_141109_batch,2025-10-27 14:43:36.827972,pypsa-eur-sec-5-12h
215,pypsa-power+ely-ucgas,1-1h,highs-hipo-ipm,1.12.0-hipo,2025.0,ok,Optimal,52.47061596699996,256.772,84667526618.0,,,52.47061596699996,3600.0,benchmark-instance-standard-04,20251027_141109_batch,2025-10-27 14:45:13.568267,pypsa-power+ely-ucgas-1-1h
216,pypsa-power+ely-ucgas,1-1h,highs-hipo-64,1.12.0-hipo,2025.0,ok,Optimal,52.3688756009999,259.172,84667526618.0,,,52.3688756009999,3600.0,benchmark-instance-standard-04,20251027_141109_batch,2025-10-27 14:46:07.106491,pypsa-power+ely-ucgas-1-1h
217,pypsa-power+ely+battery-ucgas,1-1h,highs-hipo-ipm,1.12.0-hipo,2025.0,ok,Optimal,105.92171172400003,343.076,79990720210.0,,,105.92171172400003,3600.0,benchmark-instance-standard-04,20251027_141109_batch,2025-10-27 14:47:00.031840,pypsa-power+ely+battery-ucgas-1-1h
218,pypsa-power+ely+battery-ucgas,1-1h,highs-hipo-64,1.12.0-hipo,2025.0,ok,Optimal,106.12367903600013,341.968,79990720210.0,,,106.12367903600013,3600.0,benchmark-instance-standard-04,20251027_141109_batch,2025-10-27 14:48:46.514652,pypsa-power+ely+battery-ucgas-1-1h
219,genx-2_three_zones_w_electrolyzer-no_uc,3-1h,highs-hipo-ipm,1.12.0-hipo,2025.0,ok,Optimal,141.169072616,227.864,19613.222899,,,141.169072616,3600.0,benchmark-instance-standard-04,20251027_141109_batch,2025-10-27 14:50:33.192110,genx-2_three_zones_w_electrolyzer-no_uc-3-1h
220,genx-2_three_zones_w_electrolyzer-no_uc,3-1h,highs-hipo-64,1.12.0-hipo,2025.0,ok,Optimal,95.56652130599969,524.536,19613.222904,,,95.56652130599969,3600.0,benchmark-instance-standard-04,20251027_141109_batch,2025-10-27 14:52:54.924159,genx-2_three_zones_w_electrolyzer-no_uc-3-1h
221,pypsa-eur-elec-trex,6-12h,highs-hipo-ipm,1.12.0-hipo,2025.0,ok,Optimal,74.89651819500023,221.0,7243765762.5,,,74.89651819500023,3600.0,benchmark-instance-standard-04,20251027_141109_batch,2025-10-27 14:54:31.052013,pypsa-eur-elec-trex-6-12h
222,pypsa-eur-elec-trex,6-12h,highs-hipo-64,1.12.0-hipo,2025.0,ok,Optimal,46.285906846000216,453.728,7243765754.1,,,46.285906846000216,3600.0,benchmark-instance-standard-04,20251027_141109_batch,2025-10-27 14:55:46.519771,pypsa-eur-elec-trex-6-12h
223,Sienna_modified_RTS_GMLC_DA_sys_NetDC_Horizon24_Day314,1-1h,highs-hipo-ipm,1.12.0-hipo,2025.0,ok,Optimal,729.7971470819998,593.488,901032.58256,,,729.7971470819998,3600.0,benchmark-instance-standard-04,20251027_141109_batch,2025-10-27 14:56:33.366022,Sienna_modified_RTS_GMLC_DA_sys_NetDC_Horizon24_Day314-1-1h
224,Sienna_modified_RTS_GMLC_DA_sys_NetDC_Horizon24_Day314,1-1h,highs-hipo-64,1.12.0-hipo,2025.0,ok,Optimal,732.9913811840001,621.876,901032.58256,,,732.9913811840001,3600.0,benchmark-instance-standard-04,20251027_141109_batch,2025-10-27 15:08:43.717366,Sienna_modified_RTS_GMLC_DA_sys_NetDC_Horizon24_Day314-1-1h
225,reference-benchmark,reference,highs-binary,1.10.0,,OK,Optimal,180.0924217539996,,2813303766.2,,,,,benchmark-instance-standard-04,20251027_141109_batch,2025-10-27 15:23:57.374206,reference-benchmark-reference
226,DCOPF-Carolinas_uc_2M,1-997,highs-hipo-ipm,1.12.0-hipo,2025.0,TO,Timeout,3600.0,163.308,,,,3600.0,3600.0,benchmark-instance-standard-04,20251027_141109_batch,2025-10-27 15:23:57.374338,DCOPF-Carolinas_uc_2M-1-997
227,reference-benchmark,reference,highs-binary,1.10.0,,OK,Optimal,179.27505534400007,,2813303766.2,,,,,benchmark-instance-standard-04,20251027_141109_batch,2025-10-27 16:26:56.678182,reference-benchmark-reference
228,DCOPF-Carolinas_uc_2M,1-997,highs-hipo-64,1.12.0-hipo,2025.0,TO,Timeout,3600.0,166.504,,,,3600.0,3600.0,benchmark-instance-standard-04,20251027_141109_batch,2025-10-27 16:26:56.678313,DCOPF-Carolinas_uc_2M-1-997
229,reference-benchmark,reference,highs-binary,1.10.0,,OK,Optimal,180.1539761639997,,2813303766.2,,,,,benchmark-instance-standard-04,20251027_141109_batch,2025-10-27 17:29:56.864754,reference-benchmark-reference
230,pypsa-eur-elec-op,10-3h,highs-hipo-ipm,1.12.0-hipo,2025.0,ok,Optimal,2295.739524617,1341.376,8524301556.2,,,2295.739524617,3600.0,benchmark-instance-standard-04,20251027_141109_batch,2025-10-27 17:29:56.864887,pypsa-eur-elec-op-10-3h
231,pypsa-eur-elec-op,10-3h,highs-hipo-64,1.12.0-hipo,2025.0,OOM,Out of Memory,,,,,,,3600.0,benchmark-instance-standard-04,20251027_141109_batch,2025-10-27 18:08:13.173099,pypsa-eur-elec-op-10-3h
232,pglib_opf_case1951_rte,1951-NA,highs-hipo-ipm,1.12.0-hipo,2025.0,TO,Timeout,3600.0,166.336,,,,3600.0,3600.0,benchmark-instance-standard-04,20251027_141109_batch,2025-10-27 18:08:41.317255,pglib_opf_case1951_rte-1951-NA
233,reference-benchmark,reference,highs-binary,1.10.0,,OK,Optimal,180.07819520499834,,2813303766.2,,,,,benchmark-instance-standard-04,20251027_141109_batch,2025-10-27 19:11:41.484419,reference-benchmark-reference
234,pglib_opf_case1951_rte,1951-NA,highs-hipo-64,1.12.0-hipo,2025.0,TO,Timeout,3600.0,166.16,,,,3600.0,3600.0,benchmark-instance-standard-04,20251027_141109_batch,2025-10-27 19:11:41.484549,pglib_opf_case1951_rte-1951-NA
235,reference-benchmark,reference,highs-binary,1.10.0,,OK,Optimal,180.38720769599968,,2813303766.2,,,,,benchmark-instance-standard-04,20251027_141109_batch,2025-10-27 20:14:41.896926,reference-benchmark-reference
236,Sienna_modified_RTS_GMLC_DA_sys_NetCopperPlate_Horizon48_Day314,1-1h,highs-hipo-ipm,1.12.0-hipo,2025.0,TO,Timeout,3600.0,166.14,,,,3600.0,3600.0,benchmark-instance-standard-04,20251027_141109_batch,2025-10-27 20:14:41.897061,Sienna_modified_RTS_GMLC_DA_sys_NetCopperPlate_Horizon48_Day314-1-1h
237,reference-benchmark,reference,highs-binary,1.10.0,,OK,Optimal,180.44178789899888,,2813303766.2,,,,,benchmark-instance-standard-04,20251027_141109_batch,2025-10-27 21:17:42.371808,reference-benchmark-reference
238,Sienna_modified_RTS_GMLC_DA_sys_NetCopperPlate_Horizon48_Day314,1-1h,highs-hipo-64,1.12.0-hipo,2025.0,TO,Timeout,3600.0,166.552,,,,3600.0,3600.0,benchmark-instance-standard-04,20251027_141109_batch,2025-10-27 21:17:42.371943,Sienna_modified_RTS_GMLC_DA_sys_NetCopperPlate_Horizon48_Day314-1-1h
239,reference-benchmark,reference,highs-binary,1.10.0,,OK,Optimal,179.58123753200198,,2813303766.2,,,,,benchmark-instance-standard-04,20251027_141109_batch,2025-10-27 22:20:41.983530,reference-benchmark-reference
240,Sienna_modified_RTS_GMLC_DA_sys_NetDC_Horizon48_Day332,1-1h,highs-hipo-ipm,1.12.0-hipo,2025.0,TO,Timeout,3600.0,165.272,,,,3600.0,3600.0,benchmark-instance-standard-04,20251027_141109_batch,2025-10-27 22:20:41.983662,Sienna_modified_RTS_GMLC_DA_sys_NetDC_Horizon48_Day332-1-1h
241,reference-benchmark,reference,highs-binary,1.10.0,,OK,Optimal,179.53403877000164,,2813303766.2,,,,,benchmark-instance-standard-04,20251027_141109_batch,2025-10-27 23:23:41.548175,reference-benchmark-reference
242,Sienna_modified_RTS_GMLC_DA_sys_NetDC_Horizon48_Day332,1-1h,highs-hipo-64,1.12.0-hipo,2025.0,TO,Timeout,3600.0,166.864,,,,3600.0,3600.0,benchmark-instance-standard-04,20251027_141109_batch,2025-10-27 23:23:41.548307,Sienna_modified_RTS_GMLC_DA_sys_NetDC_Horizon48_Day332-1-1h
243,reference-benchmark,reference,highs-binary,1.10.0,,OK,Optimal,180.40002376899795,,2813303766.2,,,,,benchmark-instance-standard-04,20251027_141109_batch,2025-10-28 00:26:41.974427,reference-benchmark-reference
244,genx-5_three_zones_w_piecewise_fuel,3-1h,highs-hipo-ipm,1.12.0-hipo,2025.0,TO,Timeout,3600.0,166.38,,,,3600.0,3600.0,benchmark-instance-standard-04,20251027_141109_batch,2025-10-28 00:26:41.974563,genx-5_three_zones_w_piecewise_fuel-3-1h
245,reference-benchmark,reference,highs-binary,1.10.0,,OK,Optimal,180.44688417999717,,2813303766.2,,,,,benchmark-instance-standard-04,20251027_141109_batch,2025-10-28 01:29:42.449563,reference-benchmark-reference
246,genx-5_three_zones_w_piecewise_fuel,3-1h,highs-hipo-64,1.12.0-hipo,2025.0,TO,Timeout,3600.0,166.276,,,,3600.0,3600.0,benchmark-instance-standard-04,20251027_141109_batch,2025-10-28 01:29:42.449694,genx-5_three_zones_w_piecewise_fuel-3-1h
247,reference-benchmark,reference,highs-binary,1.10.0,,OK,Optimal,180.46100342799764,,2813303766.2,,,,,benchmark-instance-standard-04,20251027_141109_batch,2025-10-28 02:32:42.943699,reference-benchmark-reference
248,pypsa-eur-elec-trex,3-12h,highs-hipo-ipm,1.12.0-hipo,2025.0,ok,Optimal,20.590254269000013,167.232,7398190501.7,,,20.590254269000013,3600.0,benchmark-instance-standard-05,20251027_141109_batch,2025-10-27 14:19:26.239203,pypsa-eur-elec-trex-3-12h
249,reference-benchmark,reference,highs-binary,1.10.0,,OK,Optimal,180.95640678900003,,2813303766.2,,,,,benchmark-instance-standard-05,20251027_141109_batch,2025-10-27 14:22:48.358577,reference-benchmark-reference
250,pypsa-eur-elec-trex,3-12h,highs-hipo-64,1.12.0-hipo,2025.0,ok,Optimal,12.193987479000045,191.656,7398190483.4,,,12.193987479000045,3600.0,benchmark-instance-standard-05,20251027_141109_batch,2025-10-27 14:22:48.358707,pypsa-eur-elec-trex-3-12h
251,pypsa-power+ely+battery,1-1h,highs-hipo-ipm,1.12.0-hipo,2025.0,ok,Optimal,86.86849945500006,199.916,31714138210.0,,,86.86849945500006,3600.0,benchmark-instance-standard-05,20251027_141109_batch,2025-10-27 14:23:01.158998,pypsa-power+ely+battery-1-1h
252,pypsa-power+ely+battery,1-1h,highs-hipo-64,1.12.0-hipo,2025.0,ok,Optimal,61.517347212,419.556,31714138182.0,,,61.517347212,3600.0,benchmark-instance-standard-05,20251027_141109_batch,2025-10-27 14:24:28.597077,pypsa-power+ely+battery-1-1h
253,Sienna_modified_RTS_GMLC_DA_sys_NetTransport_Horizon12_Day332,1-1h,highs-hipo-ipm,1.12.0-hipo,2025.0,ok,Optimal,17.34534729699999,250.708,221968.10409,,,17.34534729699999,3600.0,benchmark-instance-standard-05,20251027_141109_batch,2025-10-27 14:25:30.672255,Sienna_modified_RTS_GMLC_DA_sys_NetTransport_Horizon12_Day332-1-1h
254,Sienna_modified_RTS_GMLC_DA_sys_NetTransport_Horizon12_Day332,1-1h,highs-hipo-64,1.12.0-hipo,2025.0,ok,Optimal,17.266050190999977,250.096,221968.10409,,,17.266050190999977,3600.0,benchmark-instance-standard-05,20251027_141109_batch,2025-10-27 14:25:48.588878,Sienna_modified_RTS_GMLC_DA_sys_NetTransport_Horizon12_Day332-1-1h
255,Sienna_modified_RTS_GMLC_DA_sys_NetCopperPlate_Horizon12_Day29,1-1h,highs-hipo-ipm,1.12.0-hipo,2025.0,ok,Optimal,83.76241534200005,278.408,316166.19228,,,83.76241534200005,3600.0,benchmark-instance-standard-05,20251027_141109_batch,2025-10-27 14:26:06.415546,Sienna_modified_RTS_GMLC_DA_sys_NetCopperPlate_Horizon12_Day29-1-1h
256,Sienna_modified_RTS_GMLC_DA_sys_NetCopperPlate_Horizon12_Day29,1-1h,highs-hipo-64,1.12.0-hipo,2025.0,ok,Optimal,83.66852798699995,283.068,316166.19228,,,83.66852798699995,3600.0,benchmark-instance-standard-05,20251027_141109_batch,2025-10-27 14:27:30.739421,Sienna_modified_RTS_GMLC_DA_sys_NetCopperPlate_Horizon12_Day29-1-1h
257,genx-10_IEEE_9_bus_DC_OPF-no_uc,9-1h,highs-hipo-ipm,1.12.0-hipo,2025.0,ok,Optimal,48.26170123700001,166.604,16995.001839,,,48.26170123700001,3600.0,benchmark-instance-standard-05,20251027_141109_batch,2025-10-27 14:28:54.985368,genx-10_IEEE_9_bus_DC_OPF-no_uc-9-1h
258,genx-10_IEEE_9_bus_DC_OPF-no_uc,9-1h,highs-hipo-64,1.12.0-hipo,2025.0,ok,Optimal,23.443241661,303.008,16995.001811,,,23.443241661,3600.0,benchmark-instance-standard-05,20251027_141109_batch,2025-10-27 14:29:43.808441,genx-10_IEEE_9_bus_DC_OPF-no_uc-9-1h
259,genx-6_three_zones_w_multistage-no_uc,3-1h,highs-hipo-ipm,1.12.0-hipo,2025.0,ok,Optimal,48.21283776100006,167.048,16995.001839,,,48.21283776100006,3600.0,benchmark-instance-standard-05,20251027_141109_batch,2025-10-27 14:30:07.811411,genx-6_three_zones_w_multistage-no_uc-3-1h
260,genx-6_three_zones_w_multistage-no_uc,3-1h,highs-hipo-64,1.12.0-hipo,2025.0,ok,Optimal,23.31250071300008,304.24,16995.001811,,,23.31250071300008,3600.0,benchmark-instance-standard-05,20251027_141109_batch,2025-10-27 14:30:56.584805,genx-6_three_zones_w_multistage-no_uc-3-1h
261,Sienna_modified_RTS_GMLC_DA_sys_NetPTDF_Horizon24_Day314,1-1h,highs-hipo-ipm,1.12.0-hipo,2025.0,ok,Optimal,392.750423022,505.496,902579.35041,,,392.750423022,3600.0,benchmark-instance-standard-05,20251027_141109_batch,2025-10-27 14:31:20.456744,Sienna_modified_RTS_GMLC_DA_sys_NetPTDF_Horizon24_Day314-1-1h
262,Sienna_modified_RTS_GMLC_DA_sys_NetPTDF_Horizon24_Day314,1-1h,highs-hipo-64,1.12.0-hipo,2025.0,ok,Optimal,393.740944143,498.096,902579.35041,,,393.740944143,3600.0,benchmark-instance-standard-05,20251027_141109_batch,2025-10-27 14:37:53.772672,Sienna_modified_RTS_GMLC_DA_sys_NetPTDF_Horizon24_Day314-1-1h
263,Sienna_modified_RTS_GMLC_DA_sys_NetTransport_Horizon24_Day29,1-1h,highs-hipo-ipm,1.12.0-hipo,2025.0,ok,Optimal,862.3956022929999,745.676,784853.99967,,,862.3956022929999,3600.0,benchmark-instance-standard-05,20251027_141109_batch,2025-10-27 14:44:28.074400,Sienna_modified_RTS_GMLC_DA_sys_NetTransport_Horizon24_Day29-1-1h
264,Sienna_modified_RTS_GMLC_DA_sys_NetTransport_Horizon24_Day29,1-1h,highs-hipo-64,1.12.0-hipo,2025.0,ok,Optimal,876.9940589349999,681.204,784853.99967,,,876.9940589349999,3600.0,benchmark-instance-standard-05,20251027_141109_batch,2025-10-27 14:58:51.033643,Sienna_modified_RTS_GMLC_DA_sys_NetTransport_Horizon24_Day29-1-1h
265,pypsa-eur-elec-op-ucconv,10-24h,highs-hipo-ipm,1.12.0-hipo,2025.0,TO,Timeout,3600.0,165.464,,,,3600.0,3600.0,benchmark-instance-standard-05,20251027_141109_batch,2025-10-27 15:13:28.591510,pypsa-eur-elec-op-ucconv-10-24h
266,reference-benchmark,reference,highs-binary,1.10.0,,OK,Optimal,182.5352124279998,,2813303766.2,,,,,benchmark-instance-standard-05,20251027_141109_batch,2025-10-27 16:16:31.160272,reference-benchmark-reference
267,pypsa-eur-elec-op-ucconv,10-24h,highs-hipo-64,1.12.0-hipo,2025.0,TO,Timeout,3600.0,167.82,,,,3600.0,3600.0,benchmark-instance-standard-05,20251027_141109_batch,2025-10-27 16:16:31.160399,pypsa-eur-elec-op-ucconv-10-24h
268,reference-benchmark,reference,highs-binary,1.10.0,,OK,Optimal,180.8745959219996,,2813303766.2,,,,,benchmark-instance-standard-05,20251027_141109_batch,2025-10-27 17:19:32.063443,reference-benchmark-reference
269,pglib_opf_case2848,2848-NA,highs-hipo-ipm,1.12.0-hipo,2025.0,TO,Timeout,3600.0,166.956,,,,3600.0,3600.0,benchmark-instance-standard-05,20251027_141109_batch,2025-10-27 17:19:32.063573,pglib_opf_case2848-2848-NA
270,reference-benchmark,reference,highs-binary,1.10.0,,OK,Optimal,181.6319490450005,,2813303766.2,,,,,benchmark-instance-standard-05,20251027_141109_batch,2025-10-27 18:22:33.732068,reference-benchmark-reference
271,pglib_opf_case2848,2848-NA,highs-hipo-64,1.12.0-hipo,2025.0,TO,Timeout,3600.0,165.312,,,,3600.0,3600.0,benchmark-instance-standard-05,20251027_141109_batch,2025-10-27 18:22:33.732193,pglib_opf_case2848-2848-NA
272,reference-benchmark,reference,highs-binary,1.10.0,,OK,Optimal,181.439612770002,,2813303766.2,,,,,benchmark-instance-standard-05,20251027_141109_batch,2025-10-27 19:25:35.212336,reference-benchmark-reference
273,pglib_opf_case1803_snem,1803-NA,highs-hipo-ipm,1.12.0-hipo,2025.0,TO,Timeout,3600.0,165.896,,,,3600.0,3600.0,benchmark-instance-standard-05,20251027_141109_batch,2025-10-27 19:25:35.212464,pglib_opf_case1803_snem-1803-NA
274,reference-benchmark,reference,highs-binary,1.10.0,,OK,Optimal,181.9747157919992,,2813303766.2,,,,,benchmark-instance-standard-05,20251027_141109_batch,2025-10-27 20:28:37.214795,reference-benchmark-reference
275,pglib_opf_case1803_snem,1803-NA,highs-hipo-64,1.12.0-hipo,2025.0,TO,Timeout,3600.0,165.644,,,,3600.0,3600.0,benchmark-instance-standard-05,20251027_141109_batch,2025-10-27 20:28:37.214925,pglib_opf_case1803_snem-1803-NA
276,reference-benchmark,reference,highs-binary,1.10.0,,OK,Optimal,181.29681182900092,,2813303766.2,,,,,benchmark-instance-standard-05,20251027_141109_batch,2025-10-27 21:31:38.541395,reference-benchmark-reference
277,temoa-US_9R_TS_NZ_trunc_4periods,9-12,highs-hipo-ipm,1.12.0-hipo,2025.0,ok,Optimal,430.28154099600215,1788.924,37165168.628,,,430.28154099600215,3600.0,benchmark-instance-standard-05,20251027_141109_batch,2025-10-27 21:31:38.541517,temoa-US_9R_TS_NZ_trunc_4periods-9-12
278,temoa-US_9R_TS_NZ_trunc_4periods,9-12,highs-hipo-64,1.12.0-hipo,2025.0,warning,Unknown,605.3750030119991,2274.984,37165169.284,,,605.3750030119991,3600.0,benchmark-instance-standard-05,20251027_141109_batch,2025-10-27 21:38:49.398018,temoa-US_9R_TS_NZ_trunc_4periods-9-12
279,pypsa-eur-sec,2-3h,highs-hipo-ipm,1.12.0-hipo,2025.0,TO,Timeout,3600.0,166.032,,,,3600.0,3600.0,benchmark-instance-standard-05,20251027_141109_batch,2025-10-27 21:48:55.351145,pypsa-eur-sec-2-3h
280,reference-benchmark,reference,highs-binary,1.10.0,,OK,Optimal,180.8060193359997,,2813303766.2,,,,,benchmark-instance-standard-05,20251027_141109_batch,2025-10-27 22:51:56.187760,reference-benchmark-reference
281,pypsa-eur-sec,2-3h,highs-hipo-64,1.12.0-hipo,2025.0,OOM,Out of Memory,,,,,,,3600.0,benchmark-instance-standard-05,20251027_141109_batch,2025-10-27 22:51:56.187890,pypsa-eur-sec-2-3h
282,pglib_opf_case162_ieee_dtc,162-NA,highs-hipo-ipm,1.12.0-hipo,2025.0,ok,Optimal,2207.463075411997,266.288,97704.88701,,,2207.463075411997,3600.0,benchmark-instance-standard-05,20251027_141109_batch,2025-10-27 22:52:19.805962,pglib_opf_case162_ieee_dtc-162-NA
283,pglib_opf_case162_ieee_dtc,162-NA,highs-hipo-64,1.12.0-hipo,2025.0,ok,Optimal,2207.403410158004,267.976,97704.88701,,,2207.403410158004,3600.0,benchmark-instance-standard-05,20251027_141109_batch,2025-10-27 23:29:09.389194,pglib_opf_case162_ieee_dtc-162-NA
284,reference-benchmark,reference,highs-binary,1.10.0,,OK,Optimal,187.44523038400075,,2813303766.2,,,,,benchmark-instance-standard-05,20251027_141109_batch,2025-10-28 00:09:04.824080,reference-benchmark-reference
285,tulipa-1_EU_investment_simple,28-52.1h,highs-hipo-ipm,1.12.0-hipo,2025.0,ok,Optimal,28.272812017999968,442.348,520247747.68,,,28.272812017999968,3600.0,benchmark-instance-standard-06,20251027_141109_batch,2025-10-27 14:19:25.763746,tulipa-1_EU_investment_simple-28-52.1h
286,reference-benchmark,reference,highs-binary,1.10.0,,OK,Optimal,185.82930122600004,,2813303766.2,,,,,benchmark-instance-standard-06,20251027_141109_batch,2025-10-27 14:23:00.451062,reference-benchmark-reference
287,tulipa-1_EU_investment_simple,28-52.1h,highs-hipo-64,1.12.0-hipo,2025.0,ok,Optimal,28.275923472999978,446.48,520247747.68,,,28.275923472999978,3600.0,benchmark-instance-standard-06,20251027_141109_batch,2025-10-27 14:23:00.451196,tulipa-1_EU_investment_simple-28-52.1h
288,Sienna_modified_RTS_GMLC_DA_sys_NetDC_Horizon12_Day332,1-1h,highs-hipo-ipm,1.12.0-hipo,2025.0,ok,Optimal,25.16054567499998,179.86,238370.85407,,,25.16054567499998,3600.0,benchmark-instance-standard-06,20251027_141109_batch,2025-10-27 14:23:29.357613,Sienna_modified_RTS_GMLC_DA_sys_NetDC_Horizon12_Day332-1-1h
289,Sienna_modified_RTS_GMLC_DA_sys_NetDC_Horizon12_Day332,1-1h,highs-hipo-64,1.12.0-hipo,2025.0,ok,Optimal,25.199723833000007,180.82,238370.85407,,,25.199723833000007,3600.0,benchmark-instance-standard-06,20251027_141109_batch,2025-10-27 14:23:55.084523,Sienna_modified_RTS_GMLC_DA_sys_NetDC_Horizon12_Day332-1-1h
290,pypsa-power+ely-co2-mod,1-1h,highs-hipo-ipm,1.12.0-hipo,2025.0,ok,Optimal,51.73223674400003,279.5,84668286067.0,,,51.73223674400003,3600.0,benchmark-instance-standard-06,20251027_141109_batch,2025-10-27 14:24:20.861100,pypsa-power+ely-co2-mod-1-1h
291,pypsa-power+ely-co2-mod,1-1h,highs-hipo-64,1.12.0-hipo,2025.0,ok,Optimal,51.60599028900003,279.34,84668286067.0,,,51.60599028900003,3600.0,benchmark-instance-standard-06,20251027_141109_batch,2025-10-27 14:25:13.167217,pypsa-power+ely-co2-mod-1-1h
292,Sienna_modified_RTS_GMLC_DA_sys_NetTransport_Horizon12_Day29,1-1h,highs-hipo-ipm,1.12.0-hipo,2025.0,ok,Optimal,106.281169858,328.612,316796.61815,,,106.281169858,3600.0,benchmark-instance-standard-06,20251027_141109_batch,2025-10-27 14:26:05.335880,Sienna_modified_RTS_GMLC_DA_sys_NetTransport_Horizon12_Day29-1-1h
293,Sienna_modified_RTS_GMLC_DA_sys_NetTransport_Horizon12_Day29,1-1h,highs-hipo-64,1.12.0-hipo,2025.0,ok,Optimal,106.55156668399992,320.12,316796.61815,,,106.55156668399992,3600.0,benchmark-instance-standard-06,20251027_141109_batch,2025-10-27 14:27:52.188941,Sienna_modified_RTS_GMLC_DA_sys_NetTransport_Horizon12_Day29-1-1h
294,times-etimeseu-europe-elec+heat-single_stage,29-64ts,highs-hipo-ipm,1.12.0-hipo,2025.0,warning,Unknown,22.741826171999943,498.452,430451.36502,,,22.741826171999943,3600.0,benchmark-instance-standard-06,20251027_141109_batch,2025-10-27 14:29:39.306122,times-etimeseu-europe-elec+heat-single_stage-29-64ts
295,times-etimeseu-europe-elec+heat-single_stage,29-64ts,highs-hipo-64,1.12.0-hipo,2025.0,warning,Unknown,52.26101208600005,524.272,430451.36634,,,52.26101208600005,3600.0,benchmark-instance-standard-06,20251027_141109_batch,2025-10-27 14:30:02.616241,times-etimeseu-europe-elec+heat-single_stage-29-64ts
296,times-nz-kea,2-24h,highs-hipo-ipm,1.12.0-hipo,2025.0,warning,Unknown,182.60020479699995,431.304,1213210.3977,,,182.60020479699995,3600.0,benchmark-instance-standard-06,20251027_141109_batch,2025-10-27 14:30:55.437457,times-nz-kea-2-24h
297,times-nz-kea,2-24h,highs-hipo-64,1.12.0-hipo,2025.0,warning,Unknown,668.64988412,1664.42,1213210.3967,,,668.64988412,3600.0,benchmark-instance-standard-06,20251027_141109_batch,2025-10-27 14:33:58.604363,times-nz-kea-2-24h
298,Sienna_modified_RTS_GMLC_DA_sys_NetPTDF_Horizon24_Day29,1-1h,highs-hipo-ipm,1.12.0-hipo,2025.0,ok,Optimal,338.10576479299993,455.476,1047440.6488,,,338.10576479299993,3600.0,benchmark-instance-standard-06,20251027_141109_batch,2025-10-27 14:45:07.817356,Sienna_modified_RTS_GMLC_DA_sys_NetPTDF_Horizon24_Day29-1-1h
299,Sienna_modified_RTS_GMLC_DA_sys_NetPTDF_Horizon24_Day29,1-1h,highs-hipo-64,1.12.0-hipo,2025.0,ok,Optimal,338.04657985699987,458.972,1047440.6488,,,338.04657985699987,3600.0,benchmark-instance-standard-06,20251027_141109_batch,2025-10-27 14:50:46.482944,Sienna_modified_RTS_GMLC_DA_sys_NetPTDF_Horizon24_Day29-1-1h
300,Sienna_modified_RTS_GMLC_DA_sys_NetPTDF_Horizon24_Day332,1-1h,highs-hipo-ipm,1.12.0-hipo,2025.0,ok,Optimal,1370.63359519,967.98,893670.88811,,,1370.63359519,3600.0,benchmark-instance-standard-06,20251027_141109_batch,2025-10-27 14:56:25.095061,Sienna_modified_RTS_GMLC_DA_sys_NetPTDF_Horizon24_Day332-1-1h
301,Sienna_modified_RTS_GMLC_DA_sys_NetPTDF_Horizon24_Day332,1-1h,highs-hipo-64,1.12.0-hipo,2025.0,ok,Optimal,1370.747662316,964.156,893670.88811,,,1370.747662316,3600.0,benchmark-instance-standard-06,20251027_141109_batch,2025-10-27 15:19:16.287476,Sienna_modified_RTS_GMLC_DA_sys_NetPTDF_Horizon24_Day332-1-1h
302,reference-benchmark,reference,highs-binary,1.10.0,,OK,Optimal,186.4504216719997,,2813303766.2,,,,,benchmark-instance-standard-06,20251027_141109_batch,2025-10-27 15:45:14.052876,reference-benchmark-reference
303,pypsa-eur-elec-op,2-1h,highs-hipo-ipm,1.12.0-hipo,2025.0,ok,Optimal,539.5911631379995,768.364,8913497222.4,,,539.5911631379995,3600.0,benchmark-instance-standard-06,20251027_141109_batch,2025-10-27 15:45:14.053006,pypsa-eur-elec-op-2-1h
304,pypsa-eur-elec-op,2-1h,highs-hipo-64,1.12.0-hipo,2025.0,ok,Optimal,715.165275243,3535.024,8913497196.0,,,715.165275243,3600.0,benchmark-instance-standard-06,20251027_141109_batch,2025-10-27 15:54:14.230616,pypsa-eur-elec-op-2-1h
305,Sienna_modified_RTS_GMLC_DA_sys_NetCopperPlate_Horizon24_Day332,1-1h,highs-hipo-ipm,1.12.0-hipo,2025.0,TO,Timeout,3600.0,165.608,,,,3600.0,3600.0,benchmark-instance-standard-06,20251027_141109_batch,2025-10-27 16:06:09.962780,Sienna_modified_RTS_GMLC_DA_sys_NetCopperPlate_Horizon24_Day332-1-1h
306,reference-benchmark,reference,highs-binary,1.10.0,,OK,Optimal,186.7976714470005,,2813303766.2,,,,,benchmark-instance-standard-06,20251027_141109_batch,2025-10-27 17:09:16.785964,reference-benchmark-reference
307,Sienna_modified_RTS_GMLC_DA_sys_NetCopperPlate_Horizon24_Day332,1-1h,highs-hipo-64,1.12.0-hipo,2025.0,TO,Timeout,3600.0,165.616,,,,3600.0,3600.0,benchmark-instance-standard-06,20251027_141109_batch,2025-10-27 17:09:16.786095,Sienna_modified_RTS_GMLC_DA_sys_NetCopperPlate_Horizon24_Day332-1-1h
308,reference-benchmark,reference,highs-binary,1.10.0,,OK,Optimal,185.7222633049987,,2813303766.2,,,,,benchmark-instance-standard-06,20251027_141109_batch,2025-10-27 18:12:22.545839,reference-benchmark-reference
309,Sienna_modified_RTS_GMLC_DA_sys_NetCopperPlate_Horizon48_Day29,1-1h,highs-hipo-ipm,1.12.0-hipo,2025.0,ok,Optimal,2914.628401889002,1085.744,1768933.702,,,2914.628401889002,3600.0,benchmark-instance-standard-06,20251027_141109_batch,2025-10-27 18:12:22.545972,Sienna_modified_RTS_GMLC_DA_sys_NetCopperPlate_Horizon48_Day29-1-1h
310,Sienna_modified_RTS_GMLC_DA_sys_NetCopperPlate_Horizon48_Day29,1-1h,highs-hipo-64,1.12.0-hipo,2025.0,ok,Optimal,2911.494763036,1065.856,1768933.702,,,2911.494763036,3600.0,benchmark-instance-standard-06,20251027_141109_batch,2025-10-27 19:00:57.741364,Sienna_modified_RTS_GMLC_DA_sys_NetCopperPlate_Horizon48_Day29-1-1h
311,reference-benchmark,reference,highs-binary,1.10.0,,OK,Optimal,185.8204653709981,,2813303766.2,,,,,benchmark-instance-standard-06,20251027_141109_batch,2025-10-27 19:52:35.630377,reference-benchmark-reference
312,Sienna_modified_RTS_GMLC_DA_sys_NetDC_Horizon48_Day314,1-1h,highs-hipo-ipm,1.12.0-hipo,2025.0,TO,Timeout,3600.0,165.492,,,,3600.0,3600.0,benchmark-instance-standard-06,20251027_141109_batch,2025-10-27 19:52:35.630508,Sienna_modified_RTS_GMLC_DA_sys_NetDC_Horizon48_Day314-1-1h
313,reference-benchmark,reference,highs-binary,1.10.0,,OK,Optimal,186.56631072299933,,2813303766.2,,,,,benchmark-instance-standard-06,20251027_141109_batch,2025-10-27 20:55:42.217435,reference-benchmark-reference
314,Sienna_modified_RTS_GMLC_DA_sys_NetDC_Horizon48_Day314,1-1h,highs-hipo-64,1.12.0-hipo,2025.0,TO,Timeout,3600.0,166.532,,,,3600.0,3600.0,benchmark-instance-standard-06,20251027_141109_batch,2025-10-27 20:55:42.217568,Sienna_modified_RTS_GMLC_DA_sys_NetDC_Horizon48_Day314-1-1h
315,reference-benchmark,reference,highs-binary,1.10.0,,OK,Optimal,185.9279159769976,,2813303766.2,,,,,benchmark-instance-standard-06,20251027_141109_batch,2025-10-27 21:58:48.175063,reference-benchmark-reference
316,Sienna_modified_RTS_GMLC_DA_sys_NetTransport_Horizon48_Day29,1-1h,highs-hipo-ipm,1.12.0-hipo,2025.0,ok,Optimal,3545.2404751190006,1268.756,1768633.6574,,,3545.2404751190006,3600.0,benchmark-instance-standard-06,20251027_141109_batch,2025-10-27 21:58:48.175198,Sienna_modified_RTS_GMLC_DA_sys_NetTransport_Horizon48_Day29-1-1h
317,reference-benchmark,reference,highs-binary,1.10.0,,OK,Optimal,186.05500638899684,,2813303766.2,,,,,benchmark-instance-standard-06,20251027_141109_batch,2025-10-27 23:01:00.045530,reference-benchmark-reference
318,Sienna_modified_RTS_GMLC_DA_sys_NetTransport_Horizon48_Day29,1-1h,highs-hipo-64,1.12.0-hipo,2025.0,ok,Optimal,3546.3681402280017,1242.468,1768633.6574,,,3546.3681402280017,3600.0,benchmark-instance-standard-06,20251027_141109_batch,2025-10-27 23:01:00.045664,Sienna_modified_RTS_GMLC_DA_sys_NetTransport_Horizon48_Day29-1-1h
319,reference-benchmark,reference,highs-binary,1.10.0,,OK,Optimal,186.16978188099893,,2813303766.2,,,,,benchmark-instance-standard-06,20251027_141109_batch,2025-10-28 00:03:13.162945,reference-benchmark-reference
320,genx-3_three_zones_w_co2_capture,3-1h,highs-hipo-ipm,1.12.0-hipo,2025.0,TO,Timeout,3600.0,165.584,,,,3600.0,3600.0,benchmark-instance-standard-06,20251027_141109_batch,2025-10-28 00:03:13.163080,genx-3_three_zones_w_co2_capture-3-1h
321,reference-benchmark,reference,highs-binary,1.10.0,,OK,Optimal,186.34991995999732,,2813303766.2,,,,,benchmark-instance-standard-06,20251027_141109_batch,2025-10-28 01:06:19.545925,reference-benchmark-reference
322,genx-3_three_zones_w_co2_capture,3-1h,highs-hipo-64,1.12.0-hipo,2025.0,TO,Timeout,3600.0,166.508,,,,3600.0,3600.0,benchmark-instance-standard-06,20251027_141109_batch,2025-10-28 01:06:19.546061,genx-3_three_zones_w_co2_capture-3-1h
323,reference-benchmark,reference,highs-binary,1.10.0,,OK,Optimal,186.16654754400224,,2813303766.2,,,,,benchmark-instance-standard-06,20251027_141109_batch,2025-10-28 02:09:25.745473,reference-benchmark-reference
